name,score,reviewNum,price,link
제주 길리리조트,5.0,67.0,180000.0,/pension/1000100762
"제주 루마인펜션(비치썬라이즈,파티-퍼즈바 대여)",4.3,378.0,129000.0,/pension/1000100762
서귀포 선셋코스트 카라반&캠핑장,5.0,2.0,120000.0,/pension/1000100762
제주 선흘안풀빌라(넓은평수 감성숙소),4.9,15.0,240000.0,/pension/1000100762
서귀포 블루마운틴4255리조트,4.5,162.0,119000.0,/pension/1000100762
제주 애월애독채펜션,4.6,8.0,,/pension/1000100762
"제주 로비나발리플러스(신축,오션뷰)",5.0,145.0,230000.0,/pension/1000100762
제주 애월브릭하우스펜션,5.0,22.0,,/pension/1000100762
제주 로비나발리168펜션(신축),5.0,226.0,110000.0,/pension/1000100762
제주 애월 씨앤스타펜션(신축펜션),4.7,154.0,,/pension/1000100762
서귀포 청리조트,4.8,68.0,79000.0,/pension/1000100762
제주 화이트하우스펜션,4.0,1.0,55000.0,/pension/1000100762
서귀포 에코스위츠펜션,4.8,43.0,126500.0,/pension/1000100762
서귀포 스테이디앤디풀빌라,4.6,107.0,120000.0,/pension/1000100762
제주 29애월풀빌라,5.0,19.0,129000.0,/pension/1000100762
제주 머문펜션 (개별 편백나무 사우나 추가금 없음),5.0,4.0,169000.0,/pension/1000100762
서귀포 걷다보면윤노리낭펜션,5.0,11.0,180000.0,/pension/1000100762
서귀포 블랙랜드레이스펜션,4.1,150.0,129000.0,/pension/1000100762
제주 산티아고풀빌라(신축),4.8,19.0,231000.0,/pension/1000100762
제주 윈드밀108풀빌라,5.0,344.0,189000.0,/pension/1000100762
서귀포 행복한집풀빌라,,,290000.0,/pension/1000100762
서귀포 마녀의언덕펜션(리뉴얼),5.0,36.0,125000.0,/pension/1000100762
제주 아쿠아뷰티크풀빌라(월정리),4.5,128.0,,/pension/1000100762
제주 미아독채풀빌라,4.8,49.0,339000.0,/pension/1000100762
제주 나인스파빌펜션(인기짱 바베큐),4.1,614.0,79200.0,/pension/1000100762
서귀포 블루마운틴4255리조트,4.5,162.0,119000.0,/pension/1000100762
제주 하이맘키즈펜션실버,4.8,6.0,111500.0,/pension/1000100762
제주 주월담펜션,5.0,15.0,220000.0,/pension/1000100762
서귀포 후하우스풀빌라,4.7,54.0,173550.0,/pension/1000100762
서귀포 제주하이맘키즈가족펜션블랙,4.8,39.0,89000.0,/pension/1000100762
서귀포 캐슬렉스제주골프빌라펜션,,,,/pension/1000100762
"제주 써니펜션 (BBQ 맛집,돌고래 전망 바닷가앞)",4.9,682.0,89000.0,/pension/1000100762
"서귀포 힐링스파펜션(스파사우나무료, 비대면입실)",4.5,506.0,65000.0,/pension/1000100762
제주 바다위에펜션,4.9,602.0,109000.0,/pension/1000100762
서귀포 제주벨루가 풀빌라(조식무료),5.0,41.0,,/pension/1000100762
"제주 작약꽃펜션(곽지해변,스파)",4.7,21.0,146000.0,/pension/1000100762
"서귀포 마가렛펜션(연박이벤트,리뉴얼,친환경감귤농장체험)",4.7,435.0,79000.0,/pension/1000100762
서귀포 마린포트리조트,4.6,119.0,89010.0,/pension/1000100762
제주 애월사랑펜션( 리모델링완료),4.4,34.0,58500.0,/pension/1000100762
서귀포 내려놓기펜션,5.0,7.0,,/pension/1000100762
서귀포 제주키즈가족바닷가하우스펜션,4.9,33.0,177100.0,/pension/1000100762
제주 돌담이우다펜션,5.0,27.0,193000.0,/pension/1000100762
"제주 보롬코지펜션(전객실오션뷰,신축)",4.6,381.0,114000.0,/pension/1000100762
"서귀포 산방산에머물다펜션 (★비대면입실,반신욕기무료)",4.5,424.0,69000.0,/pension/1000100762
제주 그림리조트,3.9,115.0,50000.0,/pension/1000100762
제주 달빛고운펜션,4.8,165.0,50000.0,/pension/1000100762
"제주 월정씨하루(신축,편백나무탕)",4.8,369.0,109000.0,/pension/1000100762
제주 미스미스터펜션(독채히노끼탕유료),4.9,145.0,160000.0,/pension/1000100762
제주 빨간풍차펜션,4.3,146.0,35100.0,/pension/1000100762
"제주 금성487펜션 (애월,곽지해수욕장,신축)",5.0,33.0,115000.0,/pension/1000100762
제주 소풍이야기펜션,4.7,175.0,80000.0,/pension/1000100762
서귀포 고래의꿈펜션,4.9,125.0,90000.0,/pension/1000100762
제주 로그맨하우스펜션,4.8,191.0,55000.0,/pension/1000100762
서귀포 대정시크릿풀빌라,3.8,12.0,90000.0,/pension/1000100762
서귀포 한훤펜션,5.0,1.0,,/pension/1000100762
"제주 하얀별펜션(★낭만뷰특가,구엄리염전)",4.4,182.0,40000.0,/pension/1000100762
서귀포 제주스마일펜션,4.9,9.0,,/pension/1000100762
서귀포 파미유키즈리조트,4.5,143.0,80000.0,/pension/1000100762
서귀포 블랑블루펜션,4.6,100.0,79000.0,/pension/1000100762
서귀포 제주스카이힐펜션,4.6,19.0,55000.0,/pension/1000100762
제주 포엠하우스펜션,4.4,9.0,54000.0,/pension/1000100762
제주 비긴어게인펜션(전면통창),5.0,62.0,166000.0,/pension/1000100762
서귀포 블라섬펜션(23년신축독채),4.7,10.0,,/pension/1000100762
제주 월정산도롱펜션(신축독채),5.0,66.0,148400.0,/pension/1000100762
제주 단겸펜션 (월정리해수욕장),4.7,239.0,59000.0,/pension/1000100762
제주 쥬디스펜션(이호테우해변),4.8,350.0,169000.0,/pension/1000100762
서귀포 아리아펜션,,,,/pension/1000100762
서귀포 뜨리바다펜션,4.2,53.0,90000.0,/pension/1000100762
서귀포 가시리유채꽃길펜션,4.9,35.0,58500.0,/pension/1000100762
제주 오름달펜션,5.0,4.0,,/pension/1000100762
서귀포 더조은하우스펜션(18.6월신축),4.9,192.0,99000.0,/pension/1000100762
제주 제주펜션선빈,4.3,49.0,66500.0,/pension/1000100762
서귀포 제주봄뮤지엄스테이펜션,5.0,37.0,112000.0,/pension/1000100762
제주 완이(e)-클라쓰펜션,5.0,22.0,77000.0,/pension/1000100762
제주 몽돌리조트(신축독채),4.7,32.0,,/pension/1000100762
서귀포 이디오라게펜션,5.0,1.0,89000.0,/pension/1000100762
제주 어느멋진날풀빌라(23년신축),5.0,19.0,,/pension/1000100762
제주 펀빌펜션(곽지해수욕장),4.8,96.0,79000.0,/pension/1000100762
서귀포 솔라시도펜션,5.0,120.0,90000.0,/pension/1000100762
제주 후니미니펜션,4.7,34.0,63000.0,/pension/1000100762
"서귀포 산방산에펜션(개별바베큐,탄산온천반값할인권증정)",4.6,52.0,80000.0,/pension/1000100762
제주 휴양펜션돌과바람,4.5,28.0,90000.0,/pension/1000100762
제주 월정힐펜션(신축.휴게실.풀장),4.8,116.0,,/pension/1000100762
제주 스테이산타루치아펜션,4.4,418.0,71200.0,/pension/1000100762
제주 노을정원온수풀빌라,4.9,131.0,150000.0,/pension/1000100762
제주 별마로펜션,4.3,10.0,54000.0,/pension/1000100762
제주 휴인애월펜션,5.0,19.0,60000.0,/pension/1000100762
제주 곱은달집펜션,5.0,36.0,70000.0,/pension/1000100762
서귀포 하원가펜션(18.6월신축),5.0,23.0,,/pension/1000100762
제주 인(in)두모리펜션,4.6,14.0,200000.0,/pension/1000100762
"제주 풀빌라소랑(소랑타입 프라이빗풀 무료제공, 스누피가든 할인권 제공)",4.6,96.0,88110.0,/pension/1000100762
"제주 모퉁이작은집펜션(협재,금능해수욕장)",,,159000.0,/pension/1000100762
제주 서쪽바다펜션,5.0,3.0,200000.0,/pension/1000100762
제주 빈티지1950펜션,4.5,600.0,84000.0,/pension/1000100762
서귀포 중문행복스케치펜션(4인 8만원),4.8,26.0,65000.0,/pension/1000100762
서귀포 라임오렌지빌펜션,4.6,48.0,65000.0,/pension/1000100762
서귀포 중문씨에나펜션(4인 8만원),5.0,15.0,60000.0,/pension/1000100762
제주 유메오르펜션,4.9,21.0,71200.0,/pension/1000100762
"서귀포 JB풀빌라(남원점,키즈,독채)",4.6,47.0,139000.0,/pension/1000100762
제주 웅이네펜션,,,170000.0,/pension/1000100762
"서귀포 힐링스파펜션(스파사우나무료, 비대면입실)",4.5,506.0,65000.0,/pension/1000100762
"서귀포 산방산에머물다펜션 (★비대면입실,반신욕기무료)",4.5,424.0,69000.0,/pension/1000100762
"제주 제주에서돌고래를만난다면(바베큐 맛집,바닷가오션뷰)",4.6,466.0,89000.0,/pension/1000100762
서귀포 에이지하우스펜션,4.4,137.0,47000.0,/pension/1000100762
서귀포 소로안펜션,5.0,3.0,60000.0,/pension/1000100762
제주 금단영펜션,4.9,404.0,89000.0,/pension/1000100762
제주 바다드림펜션,4.7,42.0,50000.0,/pension/1000100762
제주 옥상달빛펜션(신축.독채펜션),4.9,19.0,,/pension/1000100762
제주 애월이문간하우스펜션(19년신축),4.8,27.0,104900.0,/pension/1000100762
서귀포 등대와올레길펜션,4.0,24.0,39000.0,/pension/1000100762
서귀포 돌담한길펜션,4.7,16.0,188200.0,/pension/1000100762
서귀포 순진한가,4.8,29.0,115000.0,/pension/1000100762
제주 바다풍경펜션,4.5,40.0,,/pension/1000100762
서귀포 다와풀빌라애견동반펜션,4.7,8.0,112000.0,/pension/1000100762
서귀포 코자 호텔,4.6,105.0,,/pension/1000100762
서귀포 누가빌리지펜션,,,150000.0,/pension/1000100762
제주 해피펜션,5.0,61.0,60000.0,/pension/1000100762
서귀포 864펜션,,,139000.0,/pension/1000100762
서귀포 아이올레키즈풀빌라,5.0,9.0,,/pension/1000100762
서귀포 올레브릿지하우스펜션,5.0,32.0,60000.0,/pension/1000100762
"제주 금성487펜션 (애월,곽지해수욕장,신축)",5.0,33.0,115000.0,/pension/1000100762
제주 돌담이우다펜션,5.0,27.0,193000.0,/pension/1000100762
제주 로비나발리168펜션(신축),5.0,226.0,110000.0,/pension/1000100762
"제주 로비나발리플러스(신축,오션뷰)",5.0,145.0,230000.0,/pension/1000100762
제주 히든힐호텔,4.9,84.0,,/pension/1000100762
서귀포 청리조트,4.8,68.0,79000.0,/pension/1000100762
제주 월정산도롱펜션(신축독채),5.0,66.0,148400.0,/pension/1000100762
"서귀포 꾸꾸풀빌라(22년신축,키즈,독채)",4.9,29.0,139000.0,/pension/1000100762
"제주 플라이진하우스펜션(가족,온돌)",4.8,48.0,49000.0,/pension/1000100762
제주 제주펜션선빈,4.3,49.0,66500.0,/pension/1000100762
"서귀포 고투베드리조트(반려견,일출)",4.5,57.0,49000.0,/pension/1000100762
제주 하늘만큼땅만큼펜션(개별파티룸&노래방 제공),4.9,85.0,130000.0,/pension/1000100762
제주 우도모닝펜션,5.0,30.0,150000.0,/pension/1000100762
서귀포 제주하이맘키즈가족펜션블랙,4.8,39.0,89000.0,/pension/1000100762
제주 비치하우스펜션,4.4,44.0,63900.0,/pension/1000100762
제주 솔펜션(객실에서보는제주일출),4.2,55.0,75000.0,/pension/1000100762
제주 장전1038펜션,5.0,22.0,,/pension/1000100762
제주 포니제주펜션,5.0,11.0,104000.0,/pension/1000100762
제주 애월오션스테이펜션,4.2,62.0,61200.0,/pension/1000100762
서귀포 컬러인제주펜션,4.7,17.0,89000.0,/pension/1000100762
서귀포 제주키즈가족바닷가하우스펜션,4.9,33.0,177100.0,/pension/1000100762
서귀포 제주스마일펜션,4.9,9.0,,/pension/1000100762
서귀포 돔그라미펜션,4.7,132.0,160000.0,/pension/1000100762
서귀포 스테이디앤디풀빌라,4.6,107.0,120000.0,/pension/1000100762
제주 젠틀리조트펜션,4.0,57.0,49000.0,/pension/1000100762
서귀포 미들도어펜션(리뷰이벤트 할인 진행중),5.0,18.0,,/pension/1000100762
서귀포 르페도라펜션(피크닉세트무료),4.4,12.0,79000.0,/pension/1000100762
제주 너우렁펜션,4.8,30.0,60000.0,/pension/1000100762
"제주 호영팜스테이펜션(신축,복층)",4.9,13.0,125100.0,/pension/1000100762
서귀포 가시리유채꽃길펜션,4.9,35.0,58500.0,/pension/1000100762
제주 마커스마운틴펜션(신규오픈),4.8,29.0,,/pension/1000100762
서귀포 하버39호텔앤리조트,4.6,19.0,40000.0,/pension/1000100762
"제주 리버풀앤스파펜션(21년신축,협재해수욕장)",4.9,29.0,195250.0,/pension/1000100762
서귀포 게우지코지펜션,5.0,13.0,82000.0,/pension/1000100762
제주 쥬디스펜션(이호테우해변),4.8,350.0,169000.0,/pension/1000100762
제주 주월담펜션,5.0,15.0,220000.0,/pension/1000100762
서귀포 꿈꾸는제주펜션,4.9,12.0,60000.0,/pension/1000100762
제주 우도수평선스테이펜션,5.0,50.0,130000.0,/pension/1000100762
제주 하늘키즈펜션,4.8,20.0,119000.0,/pension/1000100762
제주 몽돌리조트(신축독채),4.7,32.0,,/pension/1000100762
서귀포 바다의향기펜션,4.9,14.0,69000.0,/pension/1000100762
제주 로그맨하우스펜션,4.8,191.0,55000.0,/pension/1000100762
제주 고파크펜션,4.4,52.0,59000.0,/pension/1000100762
제주 더하우스펜션,4.5,34.0,55000.0,/pension/1000100762
제주 스테이제주작은별펜션,4.6,15.0,80000.0,/pension/1000100762
제주 월정가옥펜션,4.7,41.0,120000.0,/pension/1000100762
제주 더제이드호텔(동문시장도보2분),4.7,250.0,161200.0,/pension/1000100762
제주 애월 씨앤스타펜션(신축펜션),4.7,154.0,,/pension/1000100762
서귀포 스테이아름삼달펜션,5.0,14.0,,/pension/1000100762
제주 펀빌펜션(곽지해수욕장),4.8,96.0,79000.0,/pension/1000100762
제주 더갤러리모던펜션,4.7,14.0,125300.0,/pension/1000100762
제주 퓨어스테이오션리조트,4.6,18.0,50000.0,/pension/1000100762
"제주 파도소리펜션(자전거,낚시대 무료대여,해돋이명소)",4.8,8.0,75000.0,/pension/1000100762
서귀포 바다마루펜션,5.0,19.0,70000.0,/pension/1000100762
"제주 애월의아침펜션(공항15분거리,단체)",4.7,47.0,170000.0,/pension/1000100762
제주 오름달펜션,5.0,4.0,,/pension/1000100762
서귀포 소금막호스텔펜션,4.2,27.0,45000.0,/pension/1000100762
제주 레드클레이펜션,4.9,38.0,55000.0,/pension/1000100762
제주 우도사랑펜션,5.0,42.0,140000.0,/pension/1000100762
서귀포 걷다보면윤노리낭펜션,5.0,11.0,180000.0,/pension/1000100762
서귀포 타이스토리펜션,5.0,21.0,69000.0,/pension/1000100762
제주 꽃향기바다소리펜션(협재해변인근),5.0,12.0,,/pension/1000100762
서귀포 해와돌바라기펜션,5.0,16.0,55000.0,/pension/1000100762
서귀포 굿모닝하우스펜션,4.6,16.0,,/pension/1000100762
제주 더포레스트애월,4.3,16.0,138150.0,/pension/1000100762
제주 랑데뷰펜션,4.7,98.0,79000.0,/pension/1000100762
제주 애월코스트34펜션,4.4,9.0,47000.0,/pension/1000100762
서귀포 하이맘키즈가족펜션골드,3.8,21.0,99000.0,/pension/1000100762
제주 선스테이호텔펜션(신축),4.8,12.0,74700.0,/pension/1000100762
제주 바나바하도펜션,4.8,56.0,,/pension/1000100762
서귀포 제주더비비스펜션,4.7,29.0,,/pension/1000100762
제주 순덕이별당펜션,4.4,21.0,90000.0,/pension/1000100762
서귀포 팜밸리풀빌라,4.6,121.0,83500.0,/pension/1000100762
서귀포 내려놓기펜션,5.0,7.0,,/pension/1000100762
서귀포 컨트리팜펜션(조식제공),4.4,11.0,48000.0,/pension/1000100762
"서귀포 키아오라리조트(애견동반,성산일출봉)",4.8,11.0,55000.0,/pension/1000100762
제주 관음사가는길펜션(한라산인근),4.2,15.0,65000.0,/pension/1000100762
제주 애월UFO펜션,4.8,36.0,50000.0,/pension/1000100762
서귀포 아도록스테이펜션,5.0,10.0,,/pension/1000100762
제주 비라비스테이펜션,4.4,9.0,108200.0,/pension/1000100762
제주 스위스마을뮤렌펜션(414동),4.5,11.0,50000.0,/pension/1000100762
제주 바사팬스파펜션,4.8,10.0,100000.0,/pension/1000100762
제주 프라이빗애월독채펜션,4.8,7.0,,/pension/1000100762
제주 한동이젠펜션,4.6,10.0,51000.0,/pension/1000100762
서귀포 스테이수산펜션,5.0,13.0,100000.0,/pension/1000100762
제주 그림리조트,3.9,115.0,50000.0,/pension/1000100762
서귀포 삼춘네캠핑하우스펜션,4.7,10.0,300000.0,/pension/1000100762
제주 애월바다타운독채펜션,5.0,8.0,,/pension/1000100762
제주 오쿠다펜션,5.0,10.0,260000.0,/pension/1000100762
서귀포 레스트인제주,5.0,9.0,,/pension/1000100762
서귀포 아이섬풀빌라,5.0,7.0,,/pension/1000100762
서귀포 뷰티풀리조트,4.6,10.0,80000.0,/pension/1000100762
서귀포 고래의꿈펜션,4.9,125.0,90000.0,/pension/1000100762
제주 엔젤하우스펜션(애견동반),4.9,69.0,105000.0,/pension/1000100762
서귀포 상상나무키즈펜션,5.0,8.0,79000.0,/pension/1000100762
제주 디오름스파펜션,5.0,8.0,230000.0,/pension/1000100762
서귀포 해바라기펜션,5.0,5.0,70200.0,/pension/1000100762
제주 레아펜션,5.0,37.0,130000.0,/pension/1000100762
제주 스테이다랑쉬펜션,5.0,4.0,85000.0,/pension/1000100762
제주 판포레스트펜션,5.0,8.0,140000.0,/pension/1000100762
제주 완이(e)-클라쓰펜션,5.0,22.0,77000.0,/pension/1000100762
제주 힐링리조트,4.9,22.0,64900.0,/pension/1000100762
제주 안녕대흘펜션,5.0,6.0,,/pension/1000100762
제주 드문펜션,5.0,5.0,100000.0,/pension/1000100762
제주 무아별장독채풀빌라펜션,4.8,6.0,,/pension/1000100762
제주 아꼽다키즈펜션,5.0,8.0,250000.0,/pension/1000100762
제주 채송화펜션,5.0,11.0,90000.0,/pension/1000100762
제주 트레비앙펜션,4.6,196.0,71000.0,/pension/1000100762
제주 탐나는팜펜션,5.0,8.0,119000.0,/pension/1000100762
제주 썸스테이풀빌라,4.9,58.0,190000.0,/pension/1000100762
제주 머라이펜션,5.0,5.0,160000.0,/pension/1000100762
제주 모퉁이돌집독채펜션,5.0,5.0,,/pension/1000100762
제주 동복에머물다펜션,3.3,14.0,130000.0,/pension/1000100762
제주 제주리조텔,4.0,24.0,39900.0,/pension/1000100762
제주 하도기록펜션(우도인근 감성숙소),5.0,5.0,280000.0,/pension/1000100762
제주 더비치펜션,4.4,131.0,61200.0,/pension/1000100762
서귀포 마녀의언덕펜션(리뉴얼),5.0,36.0,125000.0,/pension/1000100762
제주 바닷가앞28평펜션,2.8,19.0,250000.0,/pension/1000100762
서귀포 제이앤비가족호텔,4.7,27.0,70000.0,/pension/1000100762
제주 올레민박펜션,5.0,6.0,,/pension/1000100762
제주 우도애기해녀펜션,5.0,23.0,100000.0,/pension/1000100762
서귀포 순즈플레이스펜션,4.8,5.0,200000.0,/pension/1000100762
서귀포 풀스테이소랑제펜션,4.2,16.0,306000.0,/pension/1000100762
제주 하이커호텔펜션,3.5,10.0,30000.0,/pension/1000100762
제주 하니크라운호텔펜션,4.3,6.0,46000.0,/pension/1000100762
제주 아랑존펜션,5.0,18.0,50000.0,/pension/1000100762
서귀포 솔바람풍경소리독채펜션,5.0,4.0,73000.0,/pension/1000100762
제주 까르마풀빌라,4.3,33.0,260000.0,/pension/1000100762
서귀포 갯그시펜션,4.8,5.0,50000.0,/pension/1000100762
제주 우림호텔펜션,4.2,9.0,45000.0,/pension/1000100762
"제주 동화키즈풀빌라(신축,45평 복층 독채)",4.0,10.0,390000.0,/pension/1000100762
제주 디스빌라691스파펜션,4.9,113.0,126000.0,/pension/1000100762
서귀포 스테이리포소펜션,5.0,14.0,,/pension/1000100762
제주 카멜리아캐슬펜션,5.0,4.0,,/pension/1000100762
"제주 하얀별펜션(★낭만뷰특가,구엄리염전)",4.4,182.0,40000.0,/pension/1000100762
서귀포 마루호스텔,4.5,5.0,,/pension/1000100762
제주 온담하우스펜션(한라산전망),4.5,5.0,59900.0,/pension/1000100762
제주 하이하도풀빌라,5.0,5.0,360000.0,/pension/1000100762
제주 귀덕온담펜션,4.5,14.0,65000.0,/pension/1000100762
제주 미스미스터펜션(독채히노끼탕유료),4.9,145.0,160000.0,/pension/1000100762
서귀포 조이하우스펜션,4.5,4.0,69000.0,/pension/1000100762
서귀포 제이뷰호텔펜션,5.0,7.0,,/pension/1000100762
서귀포 위미애머물다펜션,3.3,7.0,130000.0,/pension/1000100762
제주 가라월라펜션,5.0,4.0,280000.0,/pension/1000100762
제주 엘로망펜션,3.9,22.0,35900.0,/pension/1000100762
제주 미담하우스펜션,5.0,4.0,200000.0,/pension/1000100762
서귀포 오름집펜션,4.7,6.0,66000.0,/pension/1000100762
제주 쉼127키즈펜션협재점,5.0,20.0,160000.0,/pension/1000100762
제주 드라마2015풀빌라리조트,4.7,36.0,,/pension/1000100762
제주 달빛고운펜션,4.8,165.0,50000.0,/pension/1000100762
서귀포 외돌개나라펜션,5.0,7.0,50000.0,/pension/1000100762
제주 이지코지펜션,5.0,3.0,180000.0,/pension/1000100762
제주 작은별펜션,5.0,4.0,,/pension/1000100762
서귀포 물댄동산통나무펜션,5.0,2.0,90000.0,/pension/1000100762
제주 코지펜션,4.7,110.0,75000.0,/pension/1000100762
서귀포 제이큐브펜션,3.8,6.0,51000.0,/pension/1000100762
제주 길리리조트,5.0,67.0,180000.0,/pension/1000100762
제주 블루엘스파&풀펜션,4.8,88.0,129000.0,/pension/1000100762
제주 어느멋진날풀빌라(23년신축),5.0,19.0,,/pension/1000100762
제주 소담향펜션,5.0,5.0,350000.0,/pension/1000100762
서귀포 오앤비팜스테이펜션(12월 요금할인 이벤트),5.0,3.0,,/pension/1000100762
서귀포 가문유메펜션,4.3,5.0,200000.0,/pension/1000100762
서귀포 마린포트리조트,4.6,119.0,89010.0,/pension/1000100762
제주 아쿠아뷰티크풀빌라(월정리),4.5,128.0,,/pension/1000100762
제주 애월바다향기펜션,4.5,123.0,35000.0,/pension/1000100762
제주 아마빌레펜션,4.4,104.0,69000.0,/pension/1000100762
제주 미아독채풀빌라,4.8,49.0,339000.0,/pension/1000100762
서귀포 바산올레애견동반펜션,3.7,6.0,79000.0,/pension/1000100762
"제주 바다,비펜션",5.0,3.0,,/pension/1000100762
제주 협제주스테이펜션,5.0,3.0,,/pension/1000100762
제주 셉템버미니펜션,5.0,4.0,70000.0,/pension/1000100762
제주 에메랄드호텔에이스펜션,4.5,4.0,40000.0,/pension/1000100762
제주 그섬에펜션,4.8,85.0,100000.0,/pension/1000100762
"제주 도두다펜션(공항근처,빔프로젝터)",4.9,152.0,77000.0,/pension/1000100762
서귀포 해비치풍경펜션,4.0,5.0,75000.0,/pension/1000100762
제주 해조대 펜션,4.6,104.0,68000.0,/pension/1000100762
서귀포 우주스테이펜션,5.0,5.0,,/pension/1000100762
"제주 월정씨하루(신축,편백나무탕)",4.8,369.0,109000.0,/pension/1000100762
서귀포 위플레이펜션,5.0,7.0,,/pension/1000100762
서귀포 모이라펜션,4.7,540.0,69000.0,/pension/1000100762
서귀포 돌고래하우스펜션,5.0,29.0,60000.0,/pension/1000100762
제주 제주리조트,4.7,21.0,66500.0,/pension/1000100762
"제주 작약꽃펜션(곽지해변,스파)",4.7,21.0,146000.0,/pension/1000100762
제주 레브하우스펜션,4.0,4.0,130000.0,/pension/1000100762
제주 갬성드애월펜션,5.0,23.0,130000.0,/pension/1000100762
제주 선샤인협재펜션,5.0,2.0,310000.0,/pension/1000100762
서귀포 요셉하우스펜션,4.8,24.0,,/pension/1000100762
서귀포 제주엔펜션,4.3,3.0,80000.0,/pension/1000100762
제주 자레와펜션,4.4,61.0,,/pension/1000100762
서귀포 다빈하우스,3.0,6.0,100000.0,/pension/1000100762
제주 마레풀빌라,5.0,3.0,300000.0,/pension/1000100762
"서귀포 JB풀빌라(사계점,키즈,독채)",4.6,42.0,,/pension/1000100762
서귀포 코코풀빌라,4.3,76.0,102500.0,/pension/1000100762
서귀포 제이라움펜션,4.9,134.0,100000.0,/pension/1000100762
제주 델마펜션,4.8,13.0,90000.0,/pension/1000100762
제주 산티아고풀빌라(신축),4.8,19.0,231000.0,/pension/1000100762
서귀포 동백바다펜션,4.9,34.0,90000.0,/pension/1000100762
서귀포 표선카라반,3.0,8.0,,/pension/1000100762
제주 달스테이펜션,5.0,31.0,100000.0,/pension/1000100762
"제주 오시록독채펜션(사계절바베큐,애견동반)",5.0,2.0,180000.0,/pension/1000100762
서귀포 두두리펜션,5.0,64.0,80000.0,/pension/1000100762
서귀포 성산파라다이스힐펜션,4.8,12.0,69000.0,/pension/1000100762
서귀포 한라앤탐펜션,3.0,19.0,,/pension/1000100762
"제주 W699펜션(신축,조식제공)",4.7,257.0,137000.0,/pension/1000100762
제주 애월브릭하우스펜션,5.0,22.0,,/pension/1000100762
제주 달자펜션,4.8,53.0,140000.0,/pension/1000100762
제주 더휴풀빌라,4.9,70.0,550000.0,/pension/1000100762
제주 이그니스무인텔(취사불가),4.0,4.0,,/pension/1000100762
제주 협재클레르드륀펜션,5.0,19.0,160000.0,/pension/1000100762
제주 보리독채펜션,5.0,2.0,,/pension/1000100762
제주 하얀고래별장펜션,5.0,20.0,270000.0,/pension/1000100762
제주 엘쯔타운독채펜션,5.0,2.0,89000.0,/pension/1000100762
"서귀포 제주트윈스펜션(독채,단체,가족)",4.6,31.0,,/pension/1000100762
제주 홍스랜드펜션,4.4,150.0,89000.0,/pension/1000100762
서귀포 제이브루더 풀빌라 (22년신축 ),4.8,25.0,158000.0,/pension/1000100762
제주 달빛명월펜션,4.7,11.0,104300.0,/pension/1000100762
제주 씨에코펜션,5.0,27.0,52900.0,/pension/1000100762
제주 토끼섬힐링하우스펜션,4.5,3.0,180000.0,/pension/1000100762
제주 하도리움펜션,5.0,10.0,300000.0,/pension/1000100762
제주 비자림빌리지펜션,5.0,2.0,295000.0,/pension/1000100762
서귀포 해리안호텔,5.0,29.0,,/pension/1000100762
제주 오름펜션,4.0,27.0,61200.0,/pension/1000100762
제주 해품달독채펜션,5.0,7.0,171000.0,/pension/1000100762
제주 e하우스 펜션,5.0,16.0,50000.0,/pension/1000100762
제주 인더뷰풀빌라,5.0,12.0,,/pension/1000100762
서귀포 대평올레펜션,5.0,2.0,79000.0,/pension/1000100762
제주 노루마당펜션,5.0,2.0,145600.0,/pension/1000100762
"제주 보롬코지펜션(전객실오션뷰,신축)",4.6,381.0,114000.0,/pension/1000100762
서귀포 제주가원펜션,5.0,2.0,62000.0,/pension/1000100762
제주 협재블리스펜션,4.9,192.0,130000.0,/pension/1000100762
제주 유에프오펜션,4.0,3.0,50000.0,/pension/1000100762
서귀포 올레돔펜션(바베큐행사),4.7,143.0,59000.0,/pension/1000100762
제주 인트로펜션,5.0,2.0,,/pension/1000100762
서귀포 블랑블루펜션,4.6,100.0,79000.0,/pension/1000100762
제주 선흘안풀빌라(넓은평수 감성숙소),4.9,15.0,240000.0,/pension/1000100762
"제주 경복민박펜션(노천자쿠지, 노천족욕탕)",5.0,8.0,220000.0,/pension/1000100762
서귀포 제주스카이힐펜션,4.6,19.0,55000.0,/pension/1000100762
제주 더문독채풀빌라,5.0,2.0,550000.0,/pension/1000100762
서귀포 은빌레펜션,4.5,4.0,,/pension/1000100762
서귀포 바라크라펜션,5.0,1.0,100000.0,/pension/1000100762
서귀포 캠파제주펜션(마운틴뷰),3.0,5.0,50000.0,/pension/1000100762
서귀포 푸르미르펜션,5.0,16.0,39000.0,/pension/1000100762
제주 가까이에파도소리펜션,4.5,28.0,,/pension/1000100762
제주 해밀리조트,2.7,7.0,45000.0,/pension/1000100762
서귀포 하루호텔펜션,4.5,2.0,,/pension/1000100762
서귀포 성산포사랑펜션,5.0,2.0,65000.0,/pension/1000100762
제주 어반트리펜션,4.7,38.0,76300.0,/pension/1000100762
제주 팜힐스펜션,5.0,4.0,70000.0,/pension/1000100762
서귀포 푸른제주펜션,4.8,45.0,60000.0,/pension/1000100762
제주 풀스토리풀빌라,4.9,44.0,240000.0,/pension/1000100762
제주 종달리수국집펜션,5.0,16.0,,/pension/1000100762
서귀포 표선맨션A(신규오픈),4.9,15.0,127080.0,/pension/1000100762
서귀포 제주봄뮤지엄스테이펜션,5.0,37.0,112000.0,/pension/1000100762
제주 호유동스테이펜션,5.0,7.0,,/pension/1000100762
서귀포 귤향기펜션,4.7,22.0,55000.0,/pension/1000100762
제주 라임펜션,4.9,21.0,,/pension/1000100762
서귀포 여행스케치펜션,4.0,4.0,40000.0,/pension/1000100762
제주 다몽채독채풀빌라,3.3,3.0,70000.0,/pension/1000100762
서귀포 귤낭하우스펜션,4.4,141.0,98100.0,/pension/1000100762
서귀포 푸른호텔펜션,5.0,15.0,45040.0,/pension/1000100762
제주 인피니티펜션,4.8,94.0,138000.0,/pension/1000100762
서귀포 블라섬펜션(23년신축독채),4.7,10.0,,/pension/1000100762
제주 코삿펜션,5.0,75.0,150000.0,/pension/1000100762
서귀포 구야네민박펜션,5.0,2.0,180000.0,/pension/1000100762
제주 모르왓스테이펜션,5.0,6.0,89000.0,/pension/1000100762
제주 아모르하우스펜션,4.3,27.0,51210.0,/pension/1000100762
제주 라온민박,5.0,2.0,80000.0,/pension/1000100762
제주 통나무파크펜션,4.9,46.0,160000.0,/pension/1000100762
서귀포 스테이라움펜션,3.0,4.0,140000.0,/pension/1000100762
서귀포 커먼스테이펜션,4.9,137.0,,/pension/1000100762
제주 애월애독채펜션,4.6,8.0,,/pension/1000100762
서귀포 모슬포호텔,4.4,14.0,48000.0,/pension/1000100762
제주 해리앤소담펜션,5.0,8.0,62400.0,/pension/1000100762
"제주 어도스테이(신축,독채,오름근처,리뷰이벤트)",5.0,7.0,250000.0,/pension/1000100762
제주 으뜸원펜션,5.0,13.0,73000.0,/pension/1000100762
제주 소풍이야기펜션,4.7,175.0,80000.0,/pension/1000100762
제주 스테이달꿈펜션 (공항근처),4.7,21.0,49000.0,/pension/1000100762
서귀포 오늘은서귀포펜션,4.4,14.0,44900.0,/pension/1000100762
"제주 낭만제주펜션(공항근처,한라산뷰,이호테우해변근처)",4.6,158.0,65000.0,/pension/1000100762
제주 까델아스펜션,4.2,14.0,47600.0,/pension/1000100762
서귀포 더조은하우스펜션(18.6월신축),4.9,192.0,99000.0,/pension/1000100762
제주 이안재펜션,5.0,6.0,128700.0,/pension/1000100762
서귀포 블루마운틴4255리조트,4.5,162.0,119000.0,/pension/1000100762
서귀포 에코스위츠펜션,4.8,43.0,126500.0,/pension/1000100762
제주 모먼츠인하도펜션,5.0,4.0,,/pension/1000100762
제주 로즈스마일펜션,5.0,5.0,,/pension/1000100762
서귀포 하늘조각휴양펜션,4.3,59.0,39000.0,/pension/1000100762
제주 사랑터울펜션,4.8,9.0,70000.0,/pension/1000100762
서귀포 DK하우스펜션,4.0,2.0,59000.0,/pension/1000100762
제주 산들펜션,5.0,2.0,130000.0,/pension/1000100762
제주 호텔풀리벤시아,4.5,16.0,78000.0,/pension/1000100762
제주 백록담펜션,5.0,7.0,,/pension/1000100762
제주 종달리필하우스펜션,5.0,11.0,184500.0,/pension/1000100762
서귀포 돌과바람리조트펜션,3.0,4.0,39000.0,/pension/1000100762
제주 세화달토끼펜션,4.5,10.0,73000.0,/pension/1000100762
서귀포 델루나펜션,5.0,5.0,170000.0,/pension/1000100762
제주 윈드밀108풀빌라,5.0,344.0,189000.0,/pension/1000100762
제주 서문레지던스호텔펜션,4.6,14.0,,/pension/1000100762
서귀포 대정시크릿풀빌라,3.8,12.0,90000.0,/pension/1000100762
제주 함덕선흘풍경펜션,3.0,6.0,220000.0,/pension/1000100762
서귀포 걸리버여행펜션,5.0,2.0,100000.0,/pension/1000100762
서귀포 성산힐링펜션,2.0,17.0,,/pension/1000100762
제주 징검다리펜션,5.0,29.0,80000.0,/pension/1000100762
제주 혼디펜션,4.4,32.0,120000.0,/pension/1000100762
서귀포 뜨리바다펜션,4.2,53.0,90000.0,/pension/1000100762
제주 우도바람이야기펜션(18.4월신축),5.0,60.0,100000.0,/pension/1000100762
제주 엠스테이펜션,4.2,182.0,150000.0,/pension/1000100762
서귀포 표선맨션B(신규오픈),5.0,10.0,115530.0,/pension/1000100762
제주 바람의언덕펜션,4.4,78.0,65000.0,/pension/1000100762
서귀포 JB풀빌라(대정점),5.0,7.0,129000.0,/pension/1000100762
제주 마로펜션,4.5,18.0,79170.0,/pension/1000100762
제주 고스트타운펜션,4.7,10.0,46400.0,/pension/1000100762
서귀포 두바퀴펜션,5.0,2.0,80000.0,/pension/1000100762
제주 에이치빌풀빌라독채펜션,5.0,1.0,250000.0,/pension/1000100762
제주 월령코지펜션,4.4,254.0,,/pension/1000100762
제주 린도펜션,5.0,17.0,64000.0,/pension/1000100762
제주 포엠하우스펜션,4.4,9.0,54000.0,/pension/1000100762
제주 나른한당근펜션,5.0,1.0,140000.0,/pension/1000100762
제주 함덕달자게스트하우스&펜션,5.0,19.0,51000.0,/pension/1000100762
제주 골든비치펜션,4.1,50.0,45000.0,/pension/1000100762
제주 놀멍자멍펜션,4.0,2.0,180000.0,/pension/1000100762
서귀포 자인빌리지독채펜션,4.3,78.0,,/pension/1000100762
제주 욜로와펜션,3.0,2.0,60000.0,/pension/1000100762
제주 우도특별시펜션,4.9,8.0,,/pension/1000100762
제주 스테리나잇펜션,4.9,53.0,199200.0,/pension/1000100762
제주 감수굴펜션,4.5,97.0,59000.0,/pension/1000100762
서귀포 자르뎅펜션,5.0,1.0,360000.0,/pension/1000100762
제주 살가펜션,5.0,1.0,220000.0,/pension/1000100762
제주 애월사랑펜션( 리모델링완료),4.4,34.0,58500.0,/pension/1000100762
서귀포 돈내코펜션(18.6월신축),4.3,88.0,64000.0,/pension/1000100762
제주 백패커스빌라펜션,3.2,16.0,50000.0,/pension/1000100762
서귀포 그린사이드펜션,5.0,1.0,49400.0,/pension/1000100762
서귀포 모던플레이스펜션,4.6,12.0,105000.0,/pension/1000100762
서귀포 썬갤러리펜션,4.5,9.0,40000.0,/pension/1000100762
서귀포 모이헤이펜션,4.6,7.0,,/pension/1000100762
제주 팜파스펜션,4.9,59.0,,/pension/1000100762
제주 좋은씨앗제주펜션(18.8월 신축),5.0,11.0,,/pension/1000100762
제주 646미터퍼세크펜션,5.0,1.0,180000.0,/pension/1000100762
제주 함덕풍경채펜션,4.6,9.0,69000.0,/pension/1000100762
제주 잇츠힐펜션,4.7,169.0,130000.0,/pension/1000100762
제주 구름밭하우스펜션,5.0,1.0,,/pension/1000100762
"서귀포 제주노을풀빌라(코롱코롱,온수풀 추가금 없음)",4.8,43.0,140000.0,/pension/1000100762
제주 풍차와해넘이펜션,5.0,1.0,159000.0,/pension/1000100762
제주 하이맘키즈펜션실버,4.8,6.0,111500.0,/pension/1000100762
제주 루나마르펜션,5.0,40.0,87780.0,/pension/1000100762
제주 라라피포독채펜션,5.0,1.0,,/pension/1000100762
제주 바당노을펜션(18.5월신축),5.0,39.0,70000.0,/pension/1000100762
서귀포 호랑호랑펜션,4.7,76.0,,/pension/1000100762
서귀포 라메종베니인제주펜션(18년신축),5.0,43.0,93000.0,/pension/1000100762
제주 이룸펜션(풀빌라),5.0,1.0,200000.0,/pension/1000100762
제주 월정리바다향기펜션,4.7,372.0,72000.0,/pension/1000100762
제주 북촌벙커펜션,5.0,1.0,,/pension/1000100762
제주 길라임펜션,4.7,16.0,,/pension/1000100762
서귀포 코즈게스트하우스펜션,5.0,1.0,69900.0,/pension/1000100762
제주 빌레리조트펜션,4.1,8.0,72000.0,/pension/1000100762
제주 해울독채펜션,5.0,1.0,270000.0,/pension/1000100762
제주 근동이네펜션,5.0,1.0,,/pension/1000100762
제주 시비치펜션,4.7,6.0,44000.0,/pension/1000100762
제주 아르츠스파앤풀빌라,4.2,47.0,399000.0,/pension/1000100762
제주 비긴어게인펜션(전면통창),5.0,62.0,166000.0,/pension/1000100762
제주 섯동네펜션,5.0,32.0,,/pension/1000100762
제주 플래티늄카라반,5.0,6.0,119000.0,/pension/1000100762
서귀포 사계오름독채펜션,5.0,6.0,300000.0,/pension/1000100762
서귀포 파라다이스D펜션,4.7,6.0,69000.0,/pension/1000100762
제주 성산꽃담펜션(바다앞),5.0,6.0,,/pension/1000100762
제주 메종드우도펜션,5.0,8.0,70000.0,/pension/1000100762
서귀포 IRO이로제주펜션,5.0,52.0,,/pension/1000100762
서귀포 제이팜휴양펜션,4.7,168.0,49000.0,/pension/1000100762
제주 별헤는밤글램핑펜션,4.5,16.0,99000.0,/pension/1000100762
제주 멀왓스테이펜션,5.0,5.0,,/pension/1000100762
제주 오다펜션,4.7,3.0,100000.0,/pension/1000100762
제주 우도그린휴양펜션,4.5,16.0,,/pension/1000100762
제주 비자림민박펜션,5.0,6.0,75000.0,/pension/1000100762
제주 쉬엉갑서예펜션,5.0,130.0,59000.0,/pension/1000100762
서귀포 슬로우시티전원마을펜션,4.8,7.0,,/pension/1000100762
서귀포 지오아라펜션,3.0,2.0,60000.0,/pension/1000100762
서귀포 룸엣155펜션,4.7,69.0,84600.0,/pension/1000100762
제주 신스테이독채펜션,4.0,1.0,,/pension/1000100762
서귀포 하얀언덕펜션,4.5,95.0,80000.0,/pension/1000100762
제주 머문펜션 (개별 편백나무 사우나 추가금 없음),5.0,4.0,169000.0,/pension/1000100762
서귀포 보우힐펜션,5.0,17.0,69000.0,/pension/1000100762
제주 오션뷰펜션,4.5,2.0,69000.0,/pension/1000100762
제주 앳코너펜션,4.6,5.0,118000.0,/pension/1000100762
제주 별빛하우스펜션(18.9월 신축),4.8,11.0,50000.0,/pension/1000100762
제주 에코힐글램핑,4.7,6.0,,/pension/1000100762
제주 노을을담다펜션,4.0,9.0,,/pension/1000100762
제주 까만돌멩이펜션,5.0,7.0,,/pension/1000100762
제주 바다그린펜션,5.0,17.0,60000.0,/pension/1000100762
제주 파인비치펜션,4.8,37.0,,/pension/1000100762
서귀포 태흥연가펜션,5.0,5.0,160000.0,/pension/1000100762
제주 키작은집펜션,5.0,5.0,,/pension/1000100762
서귀포 나인부띠크호텔펜션,4.7,66.0,57600.0,/pension/1000100762
제주 더앨리시아펜션(18년신축),5.0,40.0,120000.0,/pension/1000100762
서귀포 파도봐펜션,5.0,7.0,64000.0,/pension/1000100762
서귀포 빈스키즈풀빌라,5.0,6.0,299000.0,/pension/1000100762
서귀포 파라다이스힐B펜션,3.7,8.0,55000.0,/pension/1000100762
서귀포 포트에비뉴펜션,5.0,8.0,55000.0,/pension/1000100762
제주 반디하우스펜션,4.0,41.0,70000.0,/pension/1000100762
서귀포 팜핑제주카라반,4.0,36.0,58000.0,/pension/1000100762
서귀포 제주앓이펜션,3.3,17.0,159000.0,/pension/1000100762
제주 선양빌리지돔펜션,5.0,35.0,75000.0,/pension/1000100762
제주 금성브릿지민박펜션,5.0,4.0,200000.0,/pension/1000100762
제주 조이힐펜션,3.0,1.0,40000.0,/pension/1000100762
서귀포 미도호스텔,4.0,39.0,62000.0,/pension/1000100762
제주 코이노니아펜션,5.0,64.0,110000.0,/pension/1000100762
제주 스카이호텔,4.5,140.0,46000.0,/pension/1000100762
서귀포 제주바다연풀빌라,4.3,3.0,110000.0,/pension/1000100762
제주 마카리오스펜션,4.4,5.0,79000.0,/pension/1000100762
제주 반집펜션,5.0,20.0,,/pension/1000100762
서귀포 제주정원펜션,4.7,22.0,121000.0,/pension/1000100762
서귀포 제주온다온펜션,5.0,5.0,150000.0,/pension/1000100762
제주 비양펜션,5.0,15.0,,/pension/1000100762
서귀포 제주에머물다키즈스파펜션,4.0,1.0,240000.0,/pension/1000100762
제주 비엔토펜션,4.8,72.0,2000000.0,/pension/1000100762
제주 코코스펜션,4.6,97.0,59000.0,/pension/1000100762
제주 테라스힐펜션,5.0,3.0,140000.0,/pension/1000100762
서귀포 더나은스테이펜션,5.0,11.0,56000.0,/pension/1000100762
서귀포 제주스테이비우다,4.4,6.0,,/pension/1000100762
서귀포 이루다펜션(서귀포 대정숙소),4.9,117.0,68000.0,/pension/1000100762
제주 돌담이네펜션,5.0,7.0,,/pension/1000100762
서귀포 바당뜰펜션,5.0,4.0,85500.0,/pension/1000100762
제주 오션팔레드호텔&리조트,5.0,4.0,100000.0,/pension/1000100762
서귀포 아띠애펜션,4.9,57.0,170000.0,/pension/1000100762
제주 케이글램핑,5.0,5.0,245000.0,/pension/1000100762
서귀포 비앤썬펜션,4.5,54.0,53010.0,/pension/1000100762
서귀포 온더스톤펜션,4.8,52.0,99000.0,/pension/1000100762
서귀포 코코비치서귀포애견동반오션뷰펜션,5.0,4.0,80000.0,/pension/1000100762
제주 월정여가펜션,4.0,7.0,50000.0,/pension/1000100762
서귀포 게스트하우스파티간장남들펜션,4.0,15.0,25000.0,/pension/1000100762
제주도펜션 디어노이,4.7,3.0,70000.0,/pension/1000100762
서귀포 중문올레펜션,5.0,4.0,70000.0,/pension/1000100762
서귀포 더썬빌리지,5.0,4.0,,/pension/1000100762
제주 금성담쟁이펜션,5.0,4.0,,/pension/1000100762
제주 달토르펜션,5.0,2.0,240000.0,/pension/1000100762
서귀포 해모랏펜션,4.8,190.0,71000.0,/pension/1000100762
서귀포 제주다모르펜션,4.8,4.0,65500.0,/pension/1000100762
제주 위너오션뷰펜션,5.0,68.0,,/pension/1000100762
서귀포 보름펜션,5.0,4.0,,/pension/1000100762
제주 비스타리조트,3.9,7.0,95000.0,/pension/1000100762
서귀포 화목펜션,4.2,14.0,70000.0,/pension/1000100762
서귀포 글레즈하임호텔펜션,4.0,8.0,93000.0,/pension/1000100762
제주 홈치키즈풀빌라,5.0,8.0,330000.0,/pension/1000100762
제주 놀구름펜션,5.0,5.0,267000.0,/pension/1000100762
제주 미리내제주펜션,5.0,11.0,70000.0,/pension/1000100762
서귀포 체리하우스펜션,5.0,5.0,100000.0,/pension/1000100762
서귀포 오빌하우스펜션,3.0,1.0,50000.0,/pension/1000100762
제주 바다성펜션,3.5,20.0,53000.0,/pension/1000100762
서귀포 예이츠산장펜션,5.0,22.0,75000.0,/pension/1000100762
서귀포 제주벨루가 풀빌라(조식무료),5.0,41.0,,/pension/1000100762
제주 지아니비펜션,5.0,13.0,130000.0,/pension/1000100762
"제주 다솔펜션(월정해변도보10분,독채펜션)",5.0,27.0,120000.0,/pension/1000100762
제주 코지하우스앤투어펜션,4.3,5.0,,/pension/1000100762
서귀포 해뜨는집펜션,3.8,15.0,59000.0,/pension/1000100762
"제주 써니펜션 (BBQ 맛집,돌고래 전망 바닷가앞)",4.9,682.0,89000.0,/pension/1000100762
제주 우도해별빌리지펜션,4.9,93.0,,/pension/1000100762
서귀포 제주&라뷰테제주펜션,4.4,137.0,80000.0,/pension/1000100762
서귀포 파미유키즈리조트,4.5,143.0,80000.0,/pension/1000100762
서귀포 마이하프타임펜션,5.0,11.0,70000.0,/pension/1000100762
서귀포 사계해담은스파펜션 (23.4 리모델링),4.7,41.0,127000.0,/pension/1000100762
제주 쉼표펜션,4.1,60.0,49000.0,/pension/1000100762
제주 코아 호텔,4.5,4.0,,/pension/1000100762
"제주 벙커펜션(함덕해수욕장 도보5분,개별바베큐)",5.0,14.0,,/pension/1000100762
서귀포 풀스테이사계,4.7,13.0,342000.0,/pension/1000100762
제주 파더하우스레스텔,4.0,4.0,50000.0,/pension/1000100762
서귀포 블라제리조트,3.5,5.0,170000.0,/pension/1000100762
제주 여누스테이,5.0,3.0,89900.0,/pension/1000100762
"서귀포 올레풍차펜션 (독채형, 개별바베큐)",4.5,2.0,120000.0,/pension/1000100762
제주 이큐스테이펜션,4.3,3.0,32800.0,/pension/1000100762
"서귀포 아만토브펜션 (편의점, 박수기정 인근)",3.4,44.0,55000.0,/pension/1000100762
제주 우도썬비치펜션,4.3,5.0,80000.0,/pension/1000100762
제주 늘푸른하우스펜션,4.5,12.0,63000.0,/pension/1000100762
제주 제주에펜션103,5.0,6.0,,/pension/1000100762
서귀포 은숙스테이펜션,3.0,1.0,,/pension/1000100762
서귀포 노인과바다펜션,4.9,25.0,,/pension/1000100762
서귀포 귤중옥펜션,5.0,3.0,70000.0,/pension/1000100762
제주 두모리에 리조트,4.5,4.0,66700.0,/pension/1000100762
제주 캠프해리스파펜션,5.0,26.0,130000.0,/pension/1000100762
서귀포 조유암펜션,5.0,13.0,65920.0,/pension/1000100762
제주 우도아라펜션,5.0,98.0,,/pension/1000100762
서귀포 더혜윰stay펜션,5.0,3.0,89300.0,/pension/1000100762
제주 캐슬블랙스톤펜션,4.8,24.0,,/pension/1000100762
제주 29애월풀빌라,5.0,19.0,129000.0,/pension/1000100762
서귀포 더세리리조트,5.0,3.0,49000.0,/pension/1000100762
제주 에스뜨레야펜션,4.7,44.0,130000.0,/pension/1000100762
제주 마레1440펜션,5.0,25.0,120000.0,/pension/1000100762
제주 안김녕스테이,4.5,2.0,100000.0,/pension/1000100762
제주 큐티파이호텔,4.3,81.0,60600.0,/pension/1000100762
서귀포 퐁당99펜션,5.0,3.0,295000.0,/pension/1000100762
서귀포 귤담스테이펜션,5.0,5.0,300000.0,/pension/1000100762
제주 탐나는팜스빌리지펜션,5.0,18.0,159000.0,/pension/1000100762
제주 곽지웨이브펜션,3.0,10.0,,/pension/1000100762
제주 판포리135펜션,5.0,6.0,90000.0,/pension/1000100762
서귀포 네이플하우스독채펜션,5.0,8.0,279000.0,/pension/1000100762
서귀포 수모루펜션,5.0,26.0,,/pension/1000100762
서귀포 건축학개론펜션,5.0,2.0,40800.0,/pension/1000100762
제주 그린비치펜션,4.5,57.0,43000.0,/pension/1000100762
제주 팜스조이키즈독채펜션,4.7,9.0,169000.0,/pension/1000100762
제주 일마레펜션,5.0,3.0,94240.0,/pension/1000100762
제주 머무르다펜션,4.7,3.0,45000.0,/pension/1000100762
제주 지금여기에펜션,4.6,87.0,118000.0,/pension/1000100762
제주 물메랑펜션,5.0,3.0,65000.0,/pension/1000100762
서귀포 해든빌레펜션,4.7,118.0,54000.0,/pension/1000100762
서귀포 통나무집펜션,5.0,60.0,,/pension/1000100762
서귀포 나무이야기,5.0,3.0,25000.0,/pension/1000100762
제주 탁스하우스민박펜션,4.7,3.0,,/pension/1000100762
제주 단겸펜션 (월정리해수욕장),4.7,239.0,59000.0,/pension/1000100762
제주 우도다올펜션,4.0,4.0,,/pension/1000100762
제주 달콤한아침펜션,4.0,3.0,66360.0,/pension/1000100762
제주 부띠끄풀빌라나미브,5.0,3.0,233100.0,/pension/1000100762
제주 우도사랑채펜션,5.0,16.0,100000.0,/pension/1000100762
제주 다래산장펜션,5.0,2.0,,/pension/1000100762
제주 라메모리아펜션,5.0,41.0,70800.0,/pension/1000100762
제주 우기차니펜션,5.0,3.0,189000.0,/pension/1000100762
서귀포 해뜰펜션,4.0,3.0,,/pension/1000100762
서귀포 선셋코스트 카라반&캠핑장,5.0,2.0,120000.0,/pension/1000100762
"제주 인제주펜션(협재,무료조식,정원,루프탑)",4.5,3.0,,/pension/1000100762
제주 월정리바다별펜션,5.0,109.0,65000.0,/pension/1000100762
서귀포 풀향기휴양펜션,3.7,30.0,64000.0,/pension/1000100762
제주 담스파빌펜션,4.6,116.0,99000.0,/pension/1000100762
제주 메종드제주풀빌라,4.3,108.0,117650.0,/pension/1000100762
제주 바다위에펜션,4.9,602.0,109000.0,/pension/1000100762
제주 하도에풍덩펜션,4.3,3.0,140000.0,/pension/1000100762
서귀포 통나무휴양펜션,5.0,3.0,100000.0,/pension/1000100762
제주 리조트 산수휴,5.0,2.0,135000.0,/pension/1000100762
서귀포 투데이펜션,4.7,23.0,52690.0,/pension/1000100762
제주 스테이협재10길펜션,4.0,14.0,75000.0,/pension/1000100762
제주 라피아하우스펜션,5.0,2.0,,/pension/1000100762
제주 비자림힐링펜션,5.0,2.0,,/pension/1000100762
제주 공항길펜션,4.6,45.0,50000.0,/pension/1000100762
제주 이야기별방펜션,,,55000.0,/pension/1000100762
서귀포 롱비치펜션,4.6,27.0,,/pension/1000100762
서귀포 스놉부띠끄스테이펜션,5.0,22.0,88240.0,/pension/1000100762
서귀포 썬앤문리조트,5.0,34.0,,/pension/1000100762
제주 스테이 푸른달,,,180000.0,/pension/1000100762
제주 별지기집펜션(자쿠지&독채),5.0,1.0,370000.0,/pension/1000100762
서귀포 방울풍뎅이펜션,5.0,5.0,,/pension/1000100762
제주 우도 서광채,5.0,2.0,250000.0,/pension/1000100762
서귀포 해든펜션,5.0,2.0,119600.0,/pension/1000100762
서귀포 제주브리즈풀빌라,5.0,2.0,114500.0,/pension/1000100762
제주 바다야펜션,5.0,23.0,65000.0,/pension/1000100762
제주 삼다숲민박,5.0,2.0,,/pension/1000100762
제주 별바람펜션,5.0,2.0,60000.0,/pension/1000100762
서귀포 강정누림펜션,5.0,2.0,45600.0,/pension/1000100762
제주 피카소민박펜션,5.0,2.0,250000.0,/pension/1000100762
제주 애월바다뜰펜션,2.0,17.0,70000.0,/pension/1000100762
서귀포 후하우스풀빌라,4.7,54.0,173550.0,/pension/1000100762
제주 바다에서잘래펜션,5.0,28.0,82350.0,/pension/1000100762
제주 달비치펜션,5.0,89.0,98000.0,/pension/1000100762
제주 또옴풀빌라,4.5,2.0,,/pension/1000100762
제주 우도빌리지,3.0,2.0,,/pension/1000100762
서귀포 숨골펜션,5.0,2.0,180000.0,/pension/1000100762
제주 중문웨스티하우스펜션,3.0,10.0,150000.0,/pension/1000100762
서귀포 수월이펜션,4.6,15.0,56070.0,/pension/1000100762
서귀포 해밀독채펜션,1.0,1.0,,/pension/1000100762
서귀포 큰엉해올레펜션,4.0,3.0,70000.0,/pension/1000100762
서귀포 브릭스호텔펜션,4.9,82.0,94400.0,/pension/1000100762
제주 휴펜션,5.0,2.0,80000.0,/pension/1000100762
제주 캐슬풀리조트,4.0,238.0,,/pension/1000100762
제주 퐁낭에염펜션,5.0,2.0,,/pension/1000100762
서귀포 아이브리조트펜션,4.5,2.0,100000.0,/pension/1000100762
서귀포 꿈꾸는노마드 펜션,5.0,24.0,57000.0,/pension/1000100762
제주 제주가좋아서펜션,5.0,67.0,82600.0,/pension/1000100762
서귀포 산록2펜션,5.0,2.0,75050.0,/pension/1000100762
서귀포 부엔까미노펜션,5.0,2.0,,/pension/1000100762
제주 애월해안누리펜션,4.5,3.0,70000.0,/pension/1000100762
제주 풀스토리독채펜션,5.0,2.0,,/pension/1000100762
서귀포 제주애풀빌라,4.0,2.0,150000.0,/pension/1000100762
제주 우진샘펜션,1.0,6.0,83000.0,/pension/1000100762
제주 시땅펜션,5.0,38.0,89000.0,/pension/1000100762
서귀포 아모제펜션,4.4,16.0,88000.0,/pension/1000100762
제주 카사블랑카펜션,,,150000.0,/pension/1000100762
제주 꿀베리하우스펜션,,,239000.0,/pension/1000100762
제주 아름드리펜션,5.0,71.0,81000.0,/pension/1000100762
제주 달백스테이독채펜션,,,,/pension/1000100762
서귀포 성산더썸플러스풀빌라독채펜션,4.5,12.0,,/pension/1000100762
제주 더갤러리펜션,4.0,2.0,113800.0,/pension/1000100762
서귀포 로즈마리펜션,,,69000.0,/pension/1000100762
서귀포 배롱나무독채스테이펜션,,,,/pension/1000100762
서귀포 빌라메르시펜션,5.0,51.0,67900.0,/pension/1000100762
제주 예스준게스트하우스펜션,4.5,2.0,27000.0,/pension/1000100762
서귀포 하늘스테이펜션,,,130000.0,/pension/1000100762
제주 하도내음펜션,5.0,3.0,297000.0,/pension/1000100762
제주 애월라꾸르풀빌라펜션,,,90000.0,/pension/1000100762
제주 풀스테이바르풀빌라,3.0,21.0,236000.0,/pension/1000100762
서귀포 유니콘펜션,3.0,4.0,76140.0,/pension/1000100762
제주 스테이얼타펜션,3.0,2.0,150000.0,/pension/1000100762
제주 스테이이음펜션,4.5,2.0,250000.0,/pension/1000100762
제주 하도리일번지펜션,,,,/pension/1000100762
서귀포 같이독채풀스테이,,,,/pension/1000100762
제주 조이스독채풀빌라,,,300000.0,/pension/1000100762
제주 유수암소랑,,,,/pension/1000100762
제주 이루후제펜션,,,,/pension/1000100762
제주 내도레미펜션,,,,/pension/1000100762
제주 까사델마마223펜션,5.0,1.0,,/pension/1000100762
서귀포 아주좋은날펜션,4.8,8.0,,/pension/1000100762
제주 월정리풍차펜션,2.5,6.0,59000.0,/pension/1000100762
제주 하솜별담펜션,,,,/pension/1000100762
제주 스위스마을펜션(216동),5.0,8.0,80000.0,/pension/1000100762
서귀포 넙빌레하우스펜션,,,140000.0,/pension/1000100762
서귀포 고성2119펜션,5.0,70.0,89000.0,/pension/1000100762
제주 다올펜션,,,100000.0,/pension/1000100762
제주 더헤븐타운하우스펜션,,,264000.0,/pension/1000100762
"서귀포 쇠소깍천일펜션(호텔식 침구, 서귀포잠수함)",4.9,85.0,75000.0,/pension/1000100762
제주 애월담오션뷰독채펜션,,,200000.0,/pension/1000100762
서귀포 블랙랜드레이스펜션,4.1,150.0,129000.0,/pension/1000100762
제주 화니하우스펜션,,,79000.0,/pension/1000100762
"제주 어프로치펜션(스크린골프,독채)",,,,/pension/1000100762
제주 사남매하우스펜션,5.0,2.0,59000.0,/pension/1000100762
제주 아라파니펜션,5.0,29.0,95000.0,/pension/1000100762
제주 바람이분다(월정리점)펜션,5.0,13.0,80000.0,/pension/1000100762
제주 로맨스파파펜션(하계 수영장 오픈),5.0,152.0,145750.0,/pension/1000100762
제주 들멍놀멍펜션,,,180000.0,/pension/1000100762
제주 가비오타펜션,,,67500.0,/pension/1000100762
서귀포 미선이네집펜션,,,,/pension/1000100762
제주 초록마을펜션,,,,/pension/1000100762
제주 애월안펜션,,,,/pension/1000100762
"제주 오션클리프카트지펜션(독채,가족,단체)",,,500000.0,/pension/1000100762
제주 애월하타민박,5.0,2.0,400000.0,/pension/1000100762
제주 월정첼로하우스펜션,4.7,112.0,55000.0,/pension/1000100762
서귀포 컴피하우스펜션,,,600000.0,/pension/1000100762
서귀포 스톤스테이펜션,,,340000.0,/pension/1000100762
제주 문스스테이독채펜션,,,150000.0,/pension/1000100762
제주 소담민박,,,100000.0,/pension/1000100762
서귀포 별빛하늘펜션,,,,/pension/1000100762
서귀포 바다위언덕펜션,4.8,276.0,68500.0,/pension/1000100762
서귀포 오아시스휴양펜션,,,50000.0,/pension/1000100762
서귀포 표선생각독채펜션,,,200000.0,/pension/1000100762
제주 어음분교1963펜션,5.0,5.0,,/pension/1000100762
제주 안녕바다야펜션(18.11월신축),4.6,57.0,121000.0,/pension/1000100762
제주 거문오름유스호스텔,,,45000.0,/pension/1000100762
제주 샤인히얼60펜션,,,266000.0,/pension/1000100762
제주 휴펜션,,,180000.0,/pension/1000100762
제주 우리하우스펜션,,,250000.0,/pension/1000100762
제주 푸르다오션펜션,4.9,551.0,90000.0,/pension/1000100762
제주 유니가족펜션,4.0,2.0,130000.0,/pension/1000100762
서귀포 동산나라펜션,4.0,2.0,,/pension/1000100762
제주 드니오니펜션,,,100000.0,/pension/1000100762
서귀포 미니 쇠소깍펜션,,,180000.0,/pension/1000100762
서귀포 트루엘레지던스펜션,4.5,2.0,51900.0,/pension/1000100762
서귀포 다솜펜션,4.1,20.0,45000.0,/pension/1000100762
제주 모아나스테이펜션,,,349000.0,/pension/1000100762
제주 나디아펜션,4.0,148.0,57720.0,/pension/1000100762
제주 브라운캐빈펜션,5.0,12.0,90000.0,/pension/1000100762
서귀포 1월펜션,5.0,1.0,,/pension/1000100762
제주 삼양준하우스펜션,,,130000.0,/pension/1000100762
제주 문스스테이펜션,,,80000.0,/pension/1000100762
제주 저바다에누워펜션,,,,/pension/1000100762
제주 파크빌리지펜션,,,130000.0,/pension/1000100762
제주 알리바펜션,,,,/pension/1000100762
제주 바다다펜션,,,,/pension/1000100762
제주 하우스말로펜션(사려니힐스테이),,,150000.0,/pension/1000100762
제주 이쁜새펜션,4.0,22.0,55000.0,/pension/1000100762
서귀포 팜트리빌라펜션,,,520000.0,/pension/1000100762
제주 몽마르뜨블루팜펜션,1.0,3.0,70000.0,/pension/1000100762
서귀포 메모리아 풀빌라 가족펜션,4.0,1.0,49000.0,/pension/1000100762
"서귀포 탐라도다펜션(헬로키티아일랜드, 산방산뷰)",4.6,409.0,50000.0,/pension/1000100762
서귀포 중문오션블루호텔펜션,,,49400.0,/pension/1000100762
제주 쭌이네펜션,,,90000.0,/pension/1000100762
서귀포 하논의아침독채펜션,,,370000.0,/pension/1000100762
제주 문릿독채풀빌라,,,400000.0,/pension/1000100762
제주 하늘바다펜션,,,80000.0,/pension/1000100762
서귀포 제이앤제이펜션(정원전망),,,79000.0,/pension/1000100762
제주 스테이앤드유펜션,,,,/pension/1000100762
제주 시현의풍차펜션,,,,/pension/1000100762
제주도 철없는펜션,,,110000.0,/pension/1000100762
제주 무거펜션＆카라반,5.0,1.0,100000.0,/pension/1000100762
서귀포 이디오라게펜션,5.0,1.0,89000.0,/pension/1000100762
제주 동백동산펜션,5.0,24.0,50000.0,/pension/1000100762
서귀포 하젠타운펜션,,,159000.0,/pension/1000100762
제주 바다별장펜션,,,120000.0,/pension/1000100762
제주 우도해바라기펜션,4.7,4.0,80000.0,/pension/1000100762
제주 마니주펜션,,,65000.0,/pension/1000100762
서귀포 콤마앤리조트,4.8,34.0,99000.0,/pension/1000100762
제주 함덕예쁜집민박펜션,,,93500.0,/pension/1000100762
제주 올레뷰펜션,4.0,27.0,64900.0,/pension/1000100762
제주 와락게스트하우스,4.8,11.0,,/pension/1000100762
서귀포 유러하우스펜션,4.8,13.0,,/pension/1000100762
서귀포 아비앙또펜션,5.0,81.0,69000.0,/pension/1000100762
제주 하르방애월펜션,,,150000.0,/pension/1000100762
서귀포 바다랑파도랑펜션,4.7,37.0,55000.0,/pension/1000100762
제주도 네스트펜션,5.0,1.0,68000.0,/pension/1000100762
제주 스파벨리스스파펜션,5.0,1.0,69000.0,/pension/1000100762
제주 디바인모먼츠게스트하우스,,,,/pension/1000100762
제주 도브펜션,,,170000.0,/pension/1000100762
서귀포 다우래펜션(18.9월 신축),4.5,34.0,75000.0,/pension/1000100762
서귀포 퀸스하우스펜션,,,250000.0,/pension/1000100762
제주 칸나하우스펜션,,,150000.0,/pension/1000100762
제주 루나힐민박펜션(2박이상 예약가능),,,180000.0,/pension/1000100762
제주 이디완펜션,,,,/pension/1000100762
제주 블루스프링리조트,5.0,1.0,112960.0,/pension/1000100762
서귀포 제담민박펜션,,,50000.0,/pension/1000100762
제주 미래하우스펜션,,,60000.0,/pension/1000100762
서귀포 사이다하우스펜션,5.0,3.0,,/pension/1000100762
제주 모들펜션,5.0,1.0,108000.0,/pension/1000100762
제주 스위스마을214동펜션,,,,/pension/1000100762
서귀포 엘린빌리지펜션,,,160000.0,/pension/1000100762
제주 w728,5.0,1.0,250000.0,/pension/1000100762
제주 일루아호텔펜션,5.0,2.0,55300.0,/pension/1000100762
제주 자미자미스테이,5.0,1.0,,/pension/1000100762
제주 누리스테이펜션,5.0,1.0,260000.0,/pension/1000100762
제주 빅터펜션,4.8,145.0,59000.0,/pension/1000100762
서귀포 레드피아노펜션,5.0,70.0,45000.0,/pension/1000100762
제주 GB하우스펜션,,,,/pension/1000100762
제주 UTS빌리지리조트,4.0,24.0,,/pension/1000100762
제주 팀버하우스펜션,5.0,6.0,98000.0,/pension/1000100762
제주 해피니스펜션 (해수욕장 인근),4.2,355.0,49000.0,/pension/1000100762
서귀포 중문글라글라펜션,5.0,1.0,43610.0,/pension/1000100762
제주 클레르드륀펜션,5.0,103.0,95000.0,/pension/1000100762
제주 소꼽놀이하우스펜션,,,250000.0,/pension/1000100762
제주 애월시크릿풀빌라,5.0,1.0,192500.0,/pension/1000100762
제주 스완지리조트,5.0,2.0,100000.0,/pension/1000100762
서귀포 야크마을,5.0,1.0,200000.0,/pension/1000100762
서귀포 성읍올레초가독채펜션,3.5,10.0,,/pension/1000100762
서귀포 올리수펜션,5.0,1.0,,/pension/1000100762
제주 제주도레인보우펜션,,,50000.0,/pension/1000100762
제주 달콤풀빌라,5.0,1.0,330000.0,/pension/1000100762
서귀포 알앤비타운펜션,,,120000.0,/pension/1000100762
제주 장수곳펜션,5.0,4.0,180000.0,/pension/1000100762
제주 제주늘보의오후펜션,5.0,16.0,,/pension/1000100762
"제주 우도달그리안펜션(독채, 전기자동차)",4.1,261.0,,/pension/1000100762
서귀포 일출다담펜션,5.0,18.0,,/pension/1000100762
제주 해담풀하우스풀빌라,5.0,2.0,360000.0,/pension/1000100762
제주 또올레펜션,5.0,1.0,120000.0,/pension/1000100762
서귀포 나르샤 리조트,4.0,16.0,60000.0,/pension/1000100762
서귀포 오션하우스펜션,5.0,7.0,70000.0,/pension/1000100762
제주 청수리빌레왓펜션,5.0,1.0,150000.0,/pension/1000100762
서귀포 블란디야펜션(애견동반),3.0,5.0,60000.0,/pension/1000100762
제주 러브제주펜션,3.0,10.0,155000.0,/pension/1000100762
서귀포 프라임풀빌라펜션,5.0,1.0,,/pension/1000100762
서귀포 해너울민박펜션,5.0,1.0,38000.0,/pension/1000100762
서귀포 미소가펜션,4.0,135.0,49000.0,/pension/1000100762
서귀포 한훤펜션,5.0,1.0,,/pension/1000100762
제주 미소미소펍펜션,,,19000.0,/pension/1000100762
제주 더스테이해안1373펜션,5.0,1.0,380000.0,/pension/1000100762
제주 원담바이에퀴녹스펜션,5.0,1.0,,/pension/1000100762
제주 오형제독채온수풀빌라,5.0,1.0,250000.0,/pension/1000100762
서귀포 바다연,5.0,1.0,,/pension/1000100762
제주 파우제419풀빌라,5.0,1.0,340000.0,/pension/1000100762
"서귀포 세모,별펜션",5.0,1.0,,/pension/1000100762
제주 함덕화산송이펜션,5.0,1.0,140000.0,/pension/1000100762
서귀포 호호산장펜션,5.0,1.0,130000.0,/pension/1000100762
서귀포 볼리아펜션,5.0,1.0,50000.0,/pension/1000100762
제주 말랑하우스펜션,5.0,1.0,150000.0,/pension/1000100762
제주 거문오름오디하우스펜션,5.0,1.0,70000.0,/pension/1000100762
제주 애월현스테이(애견동반풀빌라),5.0,1.0,,/pension/1000100762
서귀포 대상프라이빗풀빌라,5.0,1.0,240000.0,/pension/1000100762
서귀포 포구가는길 펜션,5.0,1.0,50000.0,/pension/1000100762
서귀포 아름다운가펜션,5.0,1.0,,/pension/1000100762
제주 우도하얀산호펜션,5.0,1.0,,/pension/1000100762
제주 아모르데이펜션,5.0,1.0,270000.0,/pension/1000100762
제주 바다아리펜션,5.0,1.0,65000.0,/pension/1000100762
제주 이안스테이펜션,5.0,1.0,,/pension/1000100762
서귀포 어린왕자풀빌라펜션,5.0,1.0,500000.0,/pension/1000100762
서귀포 고궁펜션민박,5.0,1.0,60000.0,/pension/1000100762
서귀포 소이펜션,5.0,1.0,350000.0,/pension/1000100762
제주 골든바다펜션,4.2,24.0,45000.0,/pension/1000100762
제주 바당쿰다펜션,5.0,1.0,235000.0,/pension/1000100762
제주 그날오후풀빌라,5.0,1.0,223200.0,/pension/1000100762
"제주 루마인펜션(비치썬라이즈,파티-퍼즈바 대여)",4.3,378.0,129000.0,/pension/1000100762
제주 신트라움펜션,5.0,1.0,,/pension/1000100762
제주 바당올레662펜션,5.0,1.0,90000.0,/pension/1000100762
서귀포 해놀이펜션,5.0,1.0,,/pension/1000100762
제주 스물펜션,5.0,1.0,100000.0,/pension/1000100762
서귀포 산방산오션브릭독채풀빌라,5.0,1.0,,/pension/1000100762
서귀포 해가뜨는성산에서펜션,5.0,1.0,330000.0,/pension/1000100762
서귀포 성산에서펜션,5.0,1.0,330000.0,/pension/1000100762
제주 가온재애월펜션,5.0,1.0,,/pension/1000100762
제주 애월우리의집독채펜션,5.0,1.0,126830.0,/pension/1000100762
서귀포 잔잔펜션,5.0,11.0,135000.0,/pension/1000100762
제주 화이트하우스펜션,4.0,1.0,55000.0,/pension/1000100762
서귀포 추억여행펜션,,,45000.0,/pension/1000100762
제주 대성휴양빌리지펜션,,,180000.0,/pension/1000100762
제주 여기머물다오션뷰펜션,3.0,2.0,100000.0,/pension/1000100762
서귀포 스테이삼달오름펜션,5.0,1.0,500000.0,/pension/1000100762
제주 선흘정원펜션,5.0,1.0,,/pension/1000100762
서귀포 보금지펜션,4.3,21.0,69000.0,/pension/1000100762
제주 모아니스테이펜션,5.0,1.0,,/pension/1000100762
서귀포 스테이어리틀롱거펜션,5.0,1.0,220000.0,/pension/1000100762
제주 하니하우스펜션,,,,/pension/1000100762
제주 프라이빗064펜션,,,297000.0,/pension/1000100762
서귀포 돌체펜션,,,69000.0,/pension/1000100762
제주 월정코티지독채펜션,4.0,2.0,150000.0,/pension/1000100762
제주 달다락펜션(월정리 복층펜션),,,70000.0,/pension/1000100762
서귀포 삼달바다향펜션,5.0,1.0,178000.0,/pension/1000100762
서귀포 앙끄리에펜션,3.8,12.0,80000.0,/pension/1000100762
제주 자몽자몽펜션,,,,/pension/1000100762
서귀포 우녕펜션,,,350000.0,/pension/1000100762
서귀포 보물섬펜션,4.9,101.0,40000.0,/pension/1000100762
제주 협재해오름펜션,5.0,86.0,120000.0,/pension/1000100762
서귀포 휘게101더스테이펜션,5.0,1.0,350000.0,/pension/1000100762
제주 대흘샬레펜션,5.0,52.0,70000.0,/pension/1000100762
제주 드헤브펜션,4.2,62.0,57000.0,/pension/1000100762
제주 르마빈펜션,3.8,205.0,45000.0,/pension/1000100762
서귀포 온더스톤펜션,4.0,3.0,44900.0,/pension/1000100762
제주 쉬영목펜션,5.0,1.0,109000.0,/pension/1000100762
서귀포 포지타노인제주펜션,5.0,29.0,140000.0,/pension/1000100762
서귀포 와싱톤펜션,3.5,16.0,100000.0,/pension/1000100762
제주 풍경소리펜션,5.0,34.0,50000.0,/pension/1000100762
제주 이그제큐티브홈인제주펜션,,,369000.0,/pension/1000100762
제주 해난디아장펜션,,,90000.0,/pension/1000100762
서귀포 모들스파펜션,3.0,64.0,165200.0,/pension/1000100762
서귀포 달콤한소금만들기펜션,5.0,15.0,70000.0,/pension/1000100762
서귀포 보름하우스펜션,,,,/pension/1000100762
서귀포 미르빌펜션,4.1,209.0,40000.0,/pension/1000100762
제주 더제주리조트,3.0,1.0,,/pension/1000100762
제주 해길하우스펜션(60평),5.0,5.0,,/pension/1000100762
제주 정낭민박펜션,4.0,1.0,,/pension/1000100762
서귀포 성산에오거들랑게스트하우스펜션,4.0,1.0,49000.0,/pension/1000100762
서귀포 게스트하우스 빅썸,4.0,1.0,25000.0,/pension/1000100762
제주 별빛두방울펜션,4.7,59.0,49400.0,/pension/1000100762
서귀포 샤론의집펜션,2.3,11.0,45000.0,/pension/1000100762
제주 코지하우스펜션,4.2,41.0,59200.0,/pension/1000100762
서귀포 제주블루앤씨펜션(애견동반),4.0,24.0,153000.0,/pension/1000100762
제주 해마을펜션,2.5,2.0,84780.0,/pension/1000100762
제주 흙집휴 펜션,5.0,5.0,130000.0,/pension/1000100762
제주 곶자왈거문오름펜션,4.6,37.0,50000.0,/pension/1000100762
서귀포 소랑호젠펜션,4.4,66.0,59000.0,/pension/1000100762
서귀포 돔베리조트,4.0,3.0,60000.0,/pension/1000100762
서귀포 성산해맞이펜션,4.3,51.0,40000.0,/pension/1000100762
서귀포 용눈이펜션,,,65000.0,/pension/1000100762
제주 월정땅콩집펜션,5.0,17.0,108000.0,/pension/1000100762
제주 바다그리기펜션(조식제공),4.6,85.0,49900.0,/pension/1000100762
제주 치앙마이스파앤풀빌라,4.3,11.0,200000.0,/pension/1000100762
제주 몽블랑펜션,,,55000.0,/pension/1000100762
서귀포 포에타펜션,5.0,90.0,,/pension/1000100762
서귀포 제주아우룸펜션,4.6,40.0,60000.0,/pension/1000100762
서귀포 로하스펜션,4.9,16.0,,/pension/1000100762
제주 마제스티펜션(협재),,,75900.0,/pension/1000100762
제주 제이르블랑펜션(18년신축),4.8,94.0,136000.0,/pension/1000100762
서귀포 성산일출봉펜션,5.0,15.0,,/pension/1000100762
서귀포 소담펜션,4.7,30.0,89000.0,/pension/1000100762
제주 아이펜션,5.0,1.0,110000.0,/pension/1000100762
서귀포 더드림펜션,,,80000.0,/pension/1000100762
제주 또시오라펜션,,,,/pension/1000100762
서귀포 랑주호텔펜션,,,,/pension/1000100762
제주 바다하우스펜션,,,60000.0,/pension/1000100762
서귀포 갯바위 펜션,3.5,10.0,,/pension/1000100762
서귀포 제주수망휴양펜션,3.0,7.0,82410.0,/pension/1000100762
제주 애월제주별빛펜션,,,80000.0,/pension/1000100762
제주 섬풍경휴양펜션,3.0,1.0,90000.0,/pension/1000100762
제주 물뜰에쉼팡펜션,3.0,1.0,,/pension/1000100762
제주 마마스펜션,3.0,1.0,60000.0,/pension/1000100762
서귀포 느영나영펜션,5.0,4.0,,/pension/1000100762
제주 애월바다펜션,,,,/pension/1000100762
제주 시소하우스펜션,,,400000.0,/pension/1000100762
서귀포 제주미도펜션,5.0,2.0,,/pension/1000100762
제주 터낭하우스펜션,4.0,26.0,100000.0,/pension/1000100762
서귀포 뜰안펜션(2박 이상 예약가능),,,320000.0,/pension/1000100762
서귀포 중문허브독채펜션,,,75000.0,/pension/1000100762
서귀포 도구리3083펜션,5.0,2.0,,/pension/1000100762
제주 애월바다타운하우스펜션,,,249000.0,/pension/1000100762
서귀포 중문오름풍경펜션,5.0,22.0,45000.0,/pension/1000100762
서귀포 해라의성펜션,5.0,4.0,,/pension/1000100762
서귀포 더썸펜션,4.9,78.0,,/pension/1000100762
서귀포 제주하다펜션,5.0,48.0,,/pension/1000100762
제주 팜스빌리지펜션,5.0,12.0,254150.0,/pension/1000100762
서귀포 그랑빌펜션,4.2,42.0,55000.0,/pension/1000100762
제주 크리스마스풀빌라리조트(애견동반),4.7,79.0,61200.0,/pension/1000100762
서귀포 아띠랑스풀빌라,4.8,76.0,100000.0,/pension/1000100762
서귀포 코삿한하루펜션,,,250000.0,/pension/1000100762
서귀포 스프링힐리조트,4.5,20.0,,/pension/1000100762
서귀포 하르방고을한옥독채펜션,5.0,22.0,89000.0,/pension/1000100762
제주 대흘리에풀빌라,5.0,5.0,250000.0,/pension/1000100762
제주 농부와돌집펜션,,,154900.0,/pension/1000100762
제주 하모니리조트,4.3,3.0,135000.0,/pension/1000100762
서귀포 해마지펜션,4.7,15.0,,/pension/1000100762
제주 토비스 콘도 (본관),2.5,14.0,60000.0,/pension/1000100762
제주 메이더카라반,5.0,41.0,109000.0,/pension/1000100762
서귀포 자담하우스펜션,5.0,20.0,,/pension/1000100762
제주 다올제펜션,1.0,1.0,,/pension/1000100762
서귀포 섬이야기펜션,5.0,13.0,115000.0,/pension/1000100762
제주 비자림베리멍펜션,,,90000.0,/pension/1000100762
서귀포 제주락펜션,1.0,1.0,110000.0,/pension/1000100762
서귀포 제주무릉도원집펜션,,,110000.0,/pension/1000100762
제주 낭그늘펜션,,,290000.0,/pension/1000100762
서귀포 리빙스톤펜션,,,80000.0,/pension/1000100762
제주 해변의집펜션,5.0,8.0,58900.0,/pension/1000100762
제주 남매B펜션,,,100000.0,/pension/1000100762
서귀포 앙크레펜션,4.0,17.0,69000.0,/pension/1000100762
제주 메이더호텔,1.0,1.0,,/pension/1000100762
서귀포 해안성펜션,,,40000.0,/pension/1000100762
서귀포 운송시크릿텔,,,70000.0,/pension/1000100762
제주 화이트드림펜션,1.0,1.0,50000.0,/pension/1000100762
제주 월정스테이,,,90000.0,/pension/1000100762
제주 저지안트레,,,,/pension/1000100762
서귀포 밸리통나무빌리지펜션,4.0,15.0,55000.0,/pension/1000100762
제주 글라애월,1.0,1.0,126400.0,/pension/1000100762
서귀포 개구리펜션,,,68000.0,/pension/1000100762
제주 통나무밸리펜션,,,49000.0,/pension/1000100762
제주 우도 하늘이 애견 펜션,,,80000.0,/pension/1000100762
서귀포 제주야표선펜션,,,,/pension/1000100762
서귀포 연우네펜션,,,40000.0,/pension/1000100762
서귀포 산방산황토펜션,,,80000.0,/pension/1000100762
제주 솔숲펜션,,,63000.0,/pension/1000100762
서귀포 규리네밤하늘펜션,,,220000.0,/pension/1000100762
제주 제주야애월독채스테이,1.0,1.0,,/pension/1000100762
서귀포 아침의새소리펜션,1.0,1.0,60000.0,/pension/1000100762
제주 애월더펜션,,,54000.0,/pension/1000100762
제주 하루네고찌글라,,,180000.0,/pension/1000100762
제주 연미동산펜션,,,160000.0,/pension/1000100762
서귀포 아티스트펜션,,,,/pension/1000100762
서귀포 푸른밤그별아래펜션,,,98000.0,/pension/1000100762
제주 카이로스스테이,,,250000.0,/pension/1000100762
서귀포 헬로제주펜션,,,50000.0,/pension/1000100762
제주 프레임펜션,4.6,275.0,,/pension/1000100762
서귀포 한돌펜션,,,200000.0,/pension/1000100762
제주 블랑펜션,,,97900.0,/pension/1000100762
제주 뚜르드제주게스트하우스펜션,,,42700.0,/pension/1000100762
제주 평대대수굴바당조끄띠펜션,,,144800.0,/pension/1000100762
서귀포 예래펜션,4.0,12.0,50000.0,/pension/1000100762
서귀포 와갱이펜션,,,207000.0,/pension/1000100762
서귀포 브로딕제주펜션,,,160000.0,/pension/1000100762
제주 해피하우스MBG펜션,,,,/pension/1000100762
제주 해담하우스펜션,,,100000.0,/pension/1000100762
제주 고산이랑펜션,,,110000.0,/pension/1000100762
서귀포 명하우스펜션,,,40000.0,/pension/1000100762
제주 타무라하우스펜션,,,,/pension/1000100762
제주 맘마하우스펜션,,,,/pension/1000100762
서귀포 무명화가의집 게스트하우스펜션,,,,/pension/1000100762
제주 협재예송이네,,,115000.0,/pension/1000100762
제주 찔레꽃남쪽마을펜션,,,129000.0,/pension/1000100762
서귀포 동호펜션,,,,/pension/1000100762
서귀포 제주공감게스트하우스펜션,,,30000.0,/pension/1000100762
서귀포 난산가옥펜션,,,400000.0,/pension/1000100762
제주 바인스테이펜션,4.0,1.0,111200.0,/pension/1000100762
서귀포 호텔스카브로펜션,,,,/pension/1000100762
제주 씬스네고찌글라,,,65000.0,/pension/1000100762
제주 마따니아펜션,,,,/pension/1000100762
제주 금등이펜션,,,,/pension/1000100762
서귀포 군모루펜션,,,120000.0,/pension/1000100762
제주 제주에산다펜션,,,,/pension/1000100762
서귀포 스테이제주이음,,,300000.0,/pension/1000100762
제주 알레그라,,,700000.0,/pension/1000100762
제주 더원펜션,,,59000.0,/pension/1000100762
제주 드림농원민박,,,80000.0,/pension/1000100762
서귀포 바다에누워 펜션,,,50000.0,/pension/1000100762
서귀포 캐슬렉스제주골프빌라펜션,,,,/pension/1000100762
제주 11번지펜션,,,200000.0,/pension/1000100762
서귀포 3657펜션,,,150000.0,/pension/1000100762
서귀포 102스테이펜션,,,90000.0,/pension/1000100762
서귀포 썬레이크빌제주휴양펜션,,,,/pension/1000100762
제주 용담돌집펜션,,,,/pension/1000100762
제주 해피니스독채펜션,,,170000.0,/pension/1000100762
제주 애월포구풍경 펜션,,,200000.0,/pension/1000100762
서귀포 위미소망호펜션,,,220000.0,/pension/1000100762
제주 빨강궁전펜션,,,49000.0,/pension/1000100762
제주 판포리자연바람펜션,,,80000.0,/pension/1000100762
서귀포 몬테르니펜션,,,700000.0,/pension/1000100762
제주 토브집펜션,,,58000.0,/pension/1000100762
서귀포 클래식펜션,,,,/pension/1000100762
제주 프로방스테이펜션,,,250000.0,/pension/1000100762
제주 제주와요펜션,5.0,17.0,180000.0,/pension/1000100762
서귀포 저스트인펜션,,,250000.0,/pension/1000100762
제주 전원생활디오름펜션,,,80000.0,/pension/1000100762
서귀포 더베이제주리조트,,,60000.0,/pension/1000100762
서귀포 웨스티하우스펜션,,,150000.0,/pension/1000100762
서귀포 향림원펜션,,,50000.0,/pension/1000100762
서귀포 나무이야기 게스트하우스 남원점,,,25000.0,/pension/1000100762
서귀포 레지나펜션,4.0,28.0,50000.0,/pension/1000100762
제주 준하우스펜션,3.0,21.0,55000.0,/pension/1000100762
제주 캡틴게스트하우스,,,40000.0,/pension/1000100762
제주 올레관광호텔,,,45000.0,/pension/1000100762
제주 한라산리조트,,,65000.0,/pension/1000100762
서귀포 홍리독채펜션,4.8,12.0,,/pension/1000100762
제주 도두봉펜션,,,298000.0,/pension/1000100762
제주 절물길독채펜션,,,55000.0,/pension/1000100762
제주 애월돌담길펜션,,,331500.0,/pension/1000100762
제주 루디아의테라스펜션,,,240300.0,/pension/1000100762
제주 보롬제주펜션,,,,/pension/1000100762
제주 광령포레펜션,,,,/pension/1000100762
서귀포 헤르멘하우스펜션,,,176400.0,/pension/1000100762
제주 유람스테이펜션,,,,/pension/1000100762
제주 나무다락방펜션,,,,/pension/1000100762
제주 애월하늘독채펜션,,,278400.0,/pension/1000100762
제주 협재살이펜션,,,,/pension/1000100762
제주 에퀴녹스드금능펜션,,,294000.0,/pension/1000100762
제주 에퀴녹스드협재펜션,,,75600.0,/pension/1000100762
제주 오롯바이에퀴녹스펜션,,,,/pension/1000100762
제주 옵데가바이에퀴녹스펜션,,,125690.0,/pension/1000100762
서귀포 제주스테이해옥펜션,,,188000.0,/pension/1000100762
제주 이경펜션,,,330000.0,/pension/1000100762
제주 청수리하루독채펜션,,,,/pension/1000100762
제주 해별독채펜션(반려견동반),,,280000.0,/pension/1000100762
제주 한림속하루독채펜션,,,79900.0,/pension/1000100762
제주 무릉리 그집 펜션,,,,/pension/1000100762
"제주 셋, 별 펜션",,,,/pension/1000100762
서귀포 코롱코롱 펜션,,,195300.0,/pension/1000100762
제주 스위트 펜션,,,,/pension/1000100762
제주 슬로우스테이 펜션,,,,/pension/1000100762
제주 쇠소깍휴양펜션 엘마르,,,,/pension/1000100762
제주 센토사한림 펜션,,,,/pension/1000100762
제주 스테이 오롯 펜션,,,,/pension/1000100762
제주 8번지독채펜션,,,290000.0,/pension/1000100762
제주 더리체펜션,,,,/pension/1000100762
제주 별이안은바다펜션,,,,/pension/1000100762
제주 스테이유독채스테이,,,,/pension/1000100762
제주 헤이데이제주펜션,,,,/pension/1000100762
서귀포 스테이월든펜션,,,,/pension/1000100762
제주 도담펜션,,,250000.0,/pension/1000100762
서귀포 서울민박펜션,,,200000.0,/pension/1000100762
제주 그곳펜션,,,,/pension/1000100762
서귀포 글로리힐펜션,,,65000.0,/pension/1000100762
제주 소서제주7월3일펜션,,,400000.0,/pension/1000100762
서귀포 일로펜션,,,300000.0,/pension/1000100762
제주 섭재펜션,,,,/pension/1000100762
제주 애월소서제주7월6일펜션,,,,/pension/1000100762
제주 히든자왈펜션,,,320000.0,/pension/1000100762
제주 선흘스테이3917펜션,,,320400.0,/pension/1000100762
제주 제주를담다펜션,,,,/pension/1000100762
제주 해아래펜션,,,70000.0,/pension/1000100762
제주 멍멍플레이스펜션,,,140000.0,/pension/1000100762
제주 펜션미라,,,,/pension/1000100762
제주 메종드플로라펜션,,,,/pension/1000100762
제주 주니비니하우스펜션,,,120000.0,/pension/1000100762
제주 벨루스펜션,,,,/pension/1000100762
서귀포 제주휴펜션,,,49000.0,/pension/1000100762
제주 제주스럼펜션,,,,/pension/1000100762
제주 하도리 님과 함께,,,,/pension/1000100762
제주 버베나더홈펜션,,,,/pension/1000100762
제주 거기벵디펜션,,,100000.0,/pension/1000100762
서귀포 아망뜨휴양펜션,,,,/pension/1000100762
제주 소길리안974펜션,,,500000.0,/pension/1000100762
제주 놀러와독채펜션,,,300000.0,/pension/1000100762
제주 담제독채풀빌라,,,370000.0,/pension/1000100762
제주 봄보름독채펜션,,,,/pension/1000100762
제주 대흘에서,,,200000.0,/pension/1000100762
제주 우리들의블루스펜션,,,,/pension/1000100762
제주 홍양 민박,,,,/pension/1000100762
제주 키즈풀빌라애드리랑,,,,/pension/1000100762
서귀포 스테이묘해독채펜션,,,,/pension/1000100762
제주 시간여행휴양펜션,,,104000.0,/pension/1000100762
제주 구르미별동,,,255000.0,/pension/1000100762
제주 인별,,,119000.0,/pension/1000100762
서귀포 루시드엠 펜션,,,100000.0,/pension/1000100762
서귀포 행복한집풀빌라,,,290000.0,/pension/1000100762
제주 드락펜션,,,,/pension/1000100762
제주 협재올레펜션,,,,/pension/1000100762
서귀포 감산차경펜션,,,380000.0,/pension/1000100762
서귀포 쉐프1192펜션,,,59000.0,/pension/1000100762
제주 당근민박,,,,/pension/1000100762
제주 위드유애월펜션,,,,/pension/1000100762
제주 수채화 별당,,,350000.0,/pension/1000100762
제주 올레프로방스펜션,,,140000.0,/pension/1000100762
제주 독채펜션돌담너머집(돌담점),,,,/pension/1000100762
제주 토브앤카라,,,230000.0,/pension/1000100762
서귀포 한스스테이,,,210000.0,/pension/1000100762
서귀포 제주와따해양레저펜션,,,75000.0,/pension/1000100762
제주 한비독채펜션,,,190000.0,/pension/1000100762
서귀포 D1250 프라이빗 하우스,,,,/pension/1000100762
서귀포 돈내코독채온수풀빌라,,,330000.0,/pension/1000100762
서귀포 사담,,,350000.0,/pension/1000100762
제주 애월통나무아일랜드,,,,/pension/1000100762
제주 독채펜션돌담너머집(밭담점),,,160000.0,/pension/1000100762
제주 만디와산,,,290000.0,/pension/1000100762
서귀포 파아란제주,,,150000.0,/pension/1000100762
제주 즈음(신규오픈),,,150000.0,/pension/1000100762
제주 브릭나인맨션 독채 펜션,,,,/pension/1000100762
제주 안녕김녕아,,,,/pension/1000100762
제주 제미바릇펜션,,,120000.0,/pension/1000100762
서귀포 바다너머집펜션,,,140000.0,/pension/1000100762
서귀포 돈내코온수풀빌라,,,320000.0,/pension/1000100762
서귀포 팜트리빌리지,,,126000.0,/pension/1000100762
제주 밧듸펜션,,,140000.0,/pension/1000100762
서귀포 토산1리농촌체험휴양마을,,,,/pension/1000100762
제주 조음민박펜션,,,,/pension/1000100762
서귀포 누리하우스,,,250000.0,/pension/1000100762
서귀포 스테이여정펜션,,,210000.0,/pension/1000100762
제주 풀바다풀빌라,,,,/pension/1000100762
제주 로얄단체펜션,,,350000.0,/pension/1000100762
제주 1950하우스,,,81000.0,/pension/1000100762
제주 잠자는바이크독채펜션,,,180000.0,/pension/1000100762
제주 판포따숨,,,,/pension/1000100762
서귀포 대평 드루와 펜션,,,,/pension/1000100762
제주 스테이느긋,,,,/pension/1000100762
서귀포 오채독채풀스테이,,,,/pension/1000100762
서귀포 인하우스펜션,,,,/pension/1000100762
제주 평대마루펜션,,,119000.0,/pension/1000100762
제주 이이도풀빌라,,,900000.0,/pension/1000100762
제주 곽지머물다펜션,,,350000.0,/pension/1000100762
제주 밭담숲펜션,,,92000.0,/pension/1000100762
제주 메이플스테이 애월,,,199200.0,/pension/1000100762
제주 갤러리빈펜션,,,160000.0,/pension/1000100762
제주 엔젤풀빌라,,,320000.0,/pension/1000100762
제주 어울스테이풀빌라,,,266000.0,/pension/1000100762
제주 오션베스트빌,,,65000.0,/pension/1000100762
서귀포 맨도롱하우스,,,,/pension/1000100762
서귀포 스윗해 제주 풀빌라,,,,/pension/1000100762
제주 평대1986펜션,,,145000.0,/pension/1000100762
제주 라온제나풀빌라,,,240000.0,/pension/1000100762
서귀포 위미가 연,,,140000.0,/pension/1000100762
제주 하귀로민박,,,1000000.0,/pension/1000100762
제주 오션마더하우스펜션,,,147000.0,/pension/1000100762
서귀포 아이니하우스펜션,,,,/pension/1000100762
제주 종달아이니펜션,,,,/pension/1000100762
서귀포 하원펜션,,,,/pension/1000100762
제주 애월채펜션,,,,/pension/1000100762
제주 패밀리가든빌리지펜션,,,300000.0,/pension/1000100762
제주 팬안헌펜션,,,160000.0,/pension/1000100762
서귀포 아름다운펜션,,,,/pension/1000100762
제주 판포현스테이,,,150000.0,/pension/1000100762
제주 웨스트독채펜션,,,220000.0,/pension/1000100762
서귀포 까사델피노인 제주,,,350000.0,/pension/1000100762
서귀포 마르앤루즈펜션,,,210000.0,/pension/1000100762
제주 달빛온도펜션,,,150000.0,/pension/1000100762
제주 리브펜션,,,252000.0,/pension/1000100762
제주 월정stayhouse,,,300000.0,/pension/1000100762
서귀포 무릉도원펜션,,,,/pension/1000100762
제주 고옥 펜션,,,,/pension/1000100762
서귀포 아유르스테이,,,400000.0,/pension/1000100762
제주 늬커리펜션,,,,/pension/1000100762
제주 조천올레펜션,,,135000.0,/pension/1000100762
제주 노브힐스테이,,,320000.0,/pension/1000100762
서귀포 발트하우스펜션,,,,/pension/1000100762
서귀포 성산일출하우스펜션,,,,/pension/1000100762
서귀포 제주의이유펜션,,,189000.0,/pension/1000100762
서귀포 더파스텔펜션,,,140000.0,/pension/1000100762
제주 까사린다펜션,,,,/pension/1000100762
제주 스테이무드온펜션,,,113440.0,/pension/1000100762
제주 스테이머들감성자쿠지펜션,,,280000.0,/pension/1000100762
제주 스테이라그랑주,,,,/pension/1000100762
제주 모리다락방펜션,,,,/pension/1000100762
제주 동백장게스트하우스펜션,,,59000.0,/pension/1000100762
서귀포 하례생태독채풀빌라,,,,/pension/1000100762
제주 선흘1212펜션,,,130000.0,/pension/1000100762
제주 감자네펜션,,,120000.0,/pension/1000100762
제주 라리저브펜션,,,172800.0,/pension/1000100762
서귀포 태흥예술극장펜션,,,118000.0,/pension/1000100762
서귀포 구덕게스트하우스펜션,,,39000.0,/pension/1000100762
서귀포 스타빌,,,,/pension/1000100762
서귀포 다차공간펜션,,,320000.0,/pension/1000100762
서귀포 감성숙소펜션,,,340000.0,/pension/1000100762
제주 소서제주7월1일펜션,,,,/pension/1000100762
제주 맨션375펜션,,,126000.0,/pension/1000100762
제주 풍년상회 독체민박,,,240000.0,/pension/1000100762
제주 허브펜션,,,240000.0,/pension/1000100762
제주 만석이펜션,,,120000.0,/pension/1000100762
제주 플로라민박펜션,,,75000.0,/pension/1000100762
제주 하늘숲펜션,,,,/pension/1000100762
제주 스카이블루풀빌라,,,600000.0,/pension/1000100762
제주 더커브민박펜션,,,180000.0,/pension/1000100762
제주 두모542펜션,,,,/pension/1000100762
제주 고샅길풀빌라,,,400000.0,/pension/1000100762
제주 소서제주745펜션,,,400000.0,/pension/1000100762
서귀포 블랑제이드풀빌라,,,,/pension/1000100762
제주 하늘오름펜션,,,60000.0,/pension/1000100762
서귀포 호텔스테이인터뷰제주,,,120000.0,/pension/1000100762
서귀포 푸른섬게스트하우스펜션,,,,/pension/1000100762
서귀포 펠리시아호텔,,,55000.0,/pension/1000100762
서귀포 스카이휴양펜션,,,,/pension/1000100762
서귀포 쉼펜션,,,90000.0,/pension/1000100762
서귀포 쉬다가게독채펜션,,,,/pension/1000100762
서귀포 성산힐링펜션&게스트하우스,,,,/pension/1000100762
서귀포 성산일출콘도펜션,,,,/pension/1000100762
서귀포 성산스타펜션,,,60000.0,/pension/1000100762
서귀포 새왓댁펜션,,,247000.0,/pension/1000100762
서귀포 루다스테이펜션,,,85000.0,/pension/1000100762
서귀포 더뷰리조트펜션,,,120000.0,/pension/1000100762
서귀포 늘하우스펜션,,,60000.0,/pension/1000100762
서귀포 그린나래펜션,,,90000.0,/pension/1000100762
서귀포 게스트하우스에버펜션,,,20000.0,/pension/1000100762
제주 한그루게스트하우스펜션,,,,/pension/1000100762
제주 청수리아파트펜션,,,100000.0,/pension/1000100762
제주 제주메리엘빌리지펜션,,,237500.0,/pension/1000100762
제주 은바다펜션,,,65000.0,/pension/1000100762
제주 월정리비긴어게인펜션,,,175500.0,/pension/1000100762
제주 올레해비치펜션,,,60000.0,/pension/1000100762
제주 오션패밀리호텔,,,57200.0,/pension/1000100762
제주 애월한옥펜션,,,130000.0,/pension/1000100762
제주 르빌리지애월 2호점(더선셋베이),,,175000.0,/pension/1000100762
제주 두리콘도펜션,,,,/pension/1000100762
제주 그린하우스펜션,,,180000.0,/pension/1000100762
서귀포 성산 고궁게스트하우스펜션,,,60000.0,/pension/1000100762
서귀포 편운산장펜션,,,65000.0,/pension/1000100762
서귀포 찬이네초가집펜션,,,60000.0,/pension/1000100762
서귀포 중문에코펜션,,,,/pension/1000100762
서귀포 제주혜윰 펜션,,,70000.0,/pension/1000100762
서귀포 일출썬펜션,,,95000.0,/pension/1000100762
서귀포 일출로 민박펜션,,,65000.0,/pension/1000100762
서귀포 알루하우스 성산점,,,,/pension/1000100762
서귀포 난드르통나무집펜션,,,280000.0,/pension/1000100762
제주 풀벗아그리투리스모펜션,,,150000.0,/pension/1000100762
제주 제주촌캉스,,,,/pension/1000100762
제주 소풍펜션,,,70000.0,/pension/1000100762
제주 리움하우스 펜션,,,69000.0,/pension/1000100762
제주 로하스통나무집펜션,,,,/pension/1000100762
제주 또오크라펜션,,,,/pension/1000100762
제주 돌코롬하우스펜션,,,,/pension/1000100762
제주 대정골펜션,,,200000.0,/pension/1000100762
제주 담쟁이펜션,,,,/pension/1000100762
제주 금토일펜션,,,170000.0,/pension/1000100762
서귀포 cnp리조트펜션,,,119000.0,/pension/1000100762
서귀포 연암재독채펜션,,,,/pension/1000100762
서귀포 시류객잔 펜션&게스트하우스,,,120000.0,/pension/1000100762
제주 한담풍경하우스펜션,,,100000.0,/pension/1000100762
제주 타워펜션,,,70000.0,/pension/1000100762
서귀포 제주하늘정원펜션,,,,/pension/1000100762
서귀포 네모펜션,,,,/pension/1000100762
제주 독채풀빌라곽지다온스테이,,,,/pension/1000100762
제주 판포마당집독채펜션,,,95000.0,/pension/1000100762
제주 모들채펜션,,,100000.0,/pension/1000100762
제주 쉬담풀빌라펜션,,,,/pension/1000100762
제주 몰랑이키즈펜션 풀빌라 무료온수수영장,,,240000.0,/pension/1000100762
제주 해안모루풀빌라,,,650000.0,/pension/1000100762
제주 와흘팽나무집펜션,,,99000.0,/pension/1000100762
제주 이아섬펜션,,,,/pension/1000100762
제주 라이엔네 풀빌라 스테이,,,299000.0,/pension/1000100762
제주 오브제애월펜션,,,295000.0,/pension/1000100762
제주 클레르드륀민박펜션,,,100000.0,/pension/1000100762
서귀포 서귀포르투펜션,,,75000.0,/pension/1000100762
제주 다님독채풀빌라,,,350000.0,/pension/1000100762
서귀포 모멘토호텔펜션,,,53500.0,/pension/1000100762
"제주 함덕 숨어있는집펜션(개별바베큐,반려견동반)",,,120000.0,/pension/1000100762
제주 연화촌펜션,,,60000.0,/pension/1000100762
제주 스토리아키즈풀빌라,,,330000.0,/pension/1000100762
제주 오아펜션,,,,/pension/1000100762
서귀포 오쇼하우스펜션,,,300000.0,/pension/1000100762
제주 토마토빌리지펜션,,,70000.0,/pension/1000100762
서귀포 수스테이펜션,,,76000.0,/pension/1000100762
제주 탐나라펜션,,,170000.0,/pension/1000100762
제주 캐슬드한림독채펜션,,,290000.0,/pension/1000100762
서귀포 13보름펜션,,,130000.0,/pension/1000100762
제주 스테이협재숲펜션,,,,/pension/1000100762
제주 탐나민박,,,170000.0,/pension/1000100762
서귀포 445더팜스펜션,,,120000.0,/pension/1000100762
제주 이테르펜션,,,,/pension/1000100762
제주 드라마하우스펜션,,,,/pension/1000100762
제주 휴운펜션,,,,/pension/1000100762
제주 알렉스하우스펜션,,,210000.0,/pension/1000100762
"제주 안녕,판포펜션",,,,/pension/1000100762
서귀포 브리지스튜디오펜션,,,,/pension/1000100762
제주 cs빌리지펜션,,,50000.0,/pension/1000100762
서귀포 산방산애펜션,,,107100.0,/pension/1000100762
제주 송당송당펜션앤리조트,,,55000.0,/pension/1000100762
제주 스테이돌덕펜션,,,,/pension/1000100762
서귀포 두리안펜션,5.0,2.0,,/pension/1000100762
제주 시영이네하우스펜션,,,,/pension/1000100762
제주 숨스테이,,,250000.0,/pension/1000100762
제주 포리별펜션,,,,/pension/1000100762
제주 슬로우맨션펜션,,,173000.0,/pension/1000100762
제주 해넘이달독채펜션,,,120000.0,/pension/1000100762
제주 쿠잉하우스풀빌라,,,190000.0,/pension/1000100762
서귀포 하영옵서펜션,,,250000.0,/pension/1000100762
서귀포 에비앙빌리지40펜션,,,,/pension/1000100762
제주 올레하늘정원펜션,,,130000.0,/pension/1000100762
제주 데이원펜션,,,73000.0,/pension/1000100762
제주 바다펜션,,,50000.0,/pension/1000100762
제주 텔레스코프펜션,,,240000.0,/pension/1000100762
제주 뜨레시옷펜션(송당),,,620000.0,/pension/1000100762
제주 스테이오늘펜션,,,,/pension/1000100762
서귀포 아이니펜션,,,,/pension/1000100762
제주 화양연화애월펜션,,,,/pension/1000100762
서귀포 해쉴펜션,,,600000.0,/pension/1000100762
서귀포 크라운캐슬펜션,,,100000.0,/pension/1000100762
제주 와흘리1798펜션,,,250000.0,/pension/1000100762
서귀포 더루케테호텔,5.0,27.0,40000.0,/pension/1000100762
제주 신촌2548펜션,,,,/pension/1000100762
제주 여행과치유민박펜션,,,136000.0,/pension/1000100762
서귀포 엠제이펜션,,,69750.0,/pension/1000100762
서귀포 제주머무리콘도형펜션,,,71300.0,/pension/1000100762
서귀포 행복나무펜션,,,,/pension/1000100762
서귀포 천제연휴양펜션,,,50000.0,/pension/1000100762
제주 풍차와노을2호펜션,,,,/pension/1000100762
서귀포 터무니하우스펜션,,,69000.0,/pension/1000100762
제주 푸르다오션풀빌라,,,550000.0,/pension/1000100762
제주 시아하우스협재점독채펜션,,,270000.0,/pension/1000100762
제주 하도포시즌스펜션,,,,/pension/1000100762
제주 연북정연가펜션,,,,/pension/1000100762
서귀포 조은하우스펜션,5.0,5.0,320000.0,/pension/1000100762
제주 플루메리아민박,,,,/pension/1000100762
서귀포 도라미펜션,4.0,10.0,69000.0,/pension/1000100762
제주 풍차와노을펜션,,,,/pension/1000100762
제주 오월의작약펜션,,,120000.0,/pension/1000100762
서귀포 더혜윰독채펜션,,,138420.0,/pension/1000100762
서귀포 순똘어멍펜션,,,200000.0,/pension/1000100762
제주 나비스호스텔,,,,/pension/1000100762
서귀포 시크릿지니풀빌라,,,330000.0,/pension/1000100762
제주 폴인럽제주펜션,,,,/pension/1000100762
서귀포 제주향펜션,,,80000.0,/pension/1000100762
제주 귀덕채독채펜션,,,160000.0,/pension/1000100762
제주 안뜨레펜션,,,340000.0,/pension/1000100762
제주 애월과한림사이펜션,,,,/pension/1000100762
서귀포 오션트리리조트,4.8,212.0,79200.0,/pension/1000100762
제주 메이드인월정리펜션,,,,/pension/1000100762
서귀포 해비치펜션,,,80000.0,/pension/1000100762
제주 애인이네민박펜션,,,200000.0,/pension/1000100762
제주 경영펜션,,,109000.0,/pension/1000100762
제주 옹포490펜션,,,160000.0,/pension/1000100762
서귀포 티에라비바키즈풀빌라,,,,/pension/1000100762
서귀포 에비앙빌리지독채펜션,,,,/pension/1000100762
제주 수산에머물다펜션,,,,/pension/1000100762
제주 피스테라클래식펜션,,,380000.0,/pension/1000100762
서귀포 롬하우스펜션,,,,/pension/1000100762
제주 하이금빛펜션,,,230000.0,/pension/1000100762
서귀포 제주캐슬펜션,,,55000.0,/pension/1000100762
"서귀포 마가렛펜션(연박이벤트,리뉴얼,친환경감귤농장체험)",4.7,435.0,79000.0,/pension/1000100762
제주 브리즈아일랜드펜션,,,,/pension/1000100762
제주 STAY종이와나무펜션,,,320000.0,/pension/1000100762
제주 바이더힐펜션,5.0,72.0,129000.0,/pension/1000100762
제주 랄랄라더예쁜협재펜션,,,220000.0,/pension/1000100762
서귀포 삼달가옥감성숙소펜션,,,,/pension/1000100762
서귀포 써니빌리지펜션,,,79000.0,/pension/1000100762
제주 애월마랑펜션,,,,/pension/1000100762
제주 뉴오션리조트,3.9,38.0,,/pension/1000100762
제주 에덴펜션,,,45000.0,/pension/1000100762
제주 사랑이네펜션,,,280000.0,/pension/1000100762
제주 센트럴파크펜션,,,123000.0,/pension/1000100762
서귀포 이서펜션,,,110000.0,/pension/1000100762
제주 안개숲펜션,,,240000.0,/pension/1000100762
서귀포 산을품은펜션,,,,/pension/1000100762
서귀포 가시리별짱펜션,,,250000.0,/pension/1000100762
제주 달작펜션,,,98000.0,/pension/1000100762
서귀포 데일리펜션,,,350000.0,/pension/1000100762
제주 함덕올래펜션,,,250000.0,/pension/1000100762
서귀포 쿠지홀리데이펜션,5.0,4.0,,/pension/1000100762
서귀포 티파니에서아침을펜션,,,60000.0,/pension/1000100762
제주 월령채펜션(연박만가능),,,350000.0,/pension/1000100762
서귀포 밀레니엄빌펜션,,,,/pension/1000100762
서귀포 페이지672펜션,,,382700.0,/pension/1000100762
제주 아소낭펜션,,,70000.0,/pension/1000100762
제주 해피트리펜션,,,,/pension/1000100762
제주 라스텔라펜션,,,260000.0,/pension/1000100762
서귀포 이래가족펜션,3.0,2.0,169000.0,/pension/1000100762
제주 바람아래펜션,,,209000.0,/pension/1000100762
제주 배배게스트하우스,,,,/pension/1000100762
서귀포 더블유오션펜션,4.6,30.0,63000.0,/pension/1000100762
제주 나인스파빌펜션(인기짱 바베큐),4.1,614.0,79200.0,/pension/1000100762
서귀포 통나무펜션,,,70000.0,/pension/1000100762
서귀포 제주풍경하우스펜션,,,49000.0,/pension/1000100762
제주 이영이영2020판포풀빌라,,,16000000.0,/pension/1000100762
제주 힐타워펜션,,,,/pension/1000100762
제주 에코그린풀빌라,,,,/pension/1000100762
서귀포 세미별장펜션,,,100000.0,/pension/1000100762
서귀포 153펜션,,,,/pension/1000100762
서귀포 숲섬펜션,,,50000.0,/pension/1000100762
제주 도담촌펜션,5.0,1.0,350000.0,/pension/1000100762
서귀포 포시즌 펜션,5.0,1.0,90000.0,/pension/1000100762
서귀포 메모리펜션,,,,/pension/1000100762
제주 해피밸리펜션(바다뷰),,,250000.0,/pension/1000100762
제주 MOONSstay펜션,,,80000.0,/pension/1000100762
서귀포 또또펜션,,,99000.0,/pension/1000100762
서귀포 씨투씨펜션,,,,/pension/1000100762
제주 애월의온도게스트하우스,,,70000.0,/pension/1000100762
서귀포 레몬밤펜션,,,69000.0,/pension/1000100762
서귀포 기풍호텔펜션,,,,/pension/1000100762
제주 소나무한그루펜션(18.5월신축),,,110000.0,/pension/1000100762
서귀포 하얀파도펜션,,,350000.0,/pension/1000100762
제주 비전하우스펜션,,,,/pension/1000100762
서귀포 풍경호텔펜션,,,50000.0,/pension/1000100762
서귀포 TS유스호스텔펜션,,,49000.0,/pension/1000100762
제주 다몰펜션,4.8,93.0,72000.0,/pension/1000100762
서귀포 꿈꾸는숲펜션,,,80000.0,/pension/1000100762
서귀포 디오션힐펜션,4.2,36.0,53000.0,/pension/1000100762
서귀포 늘해랑펜션,,,200000.0,/pension/1000100762
제주 스페샬펜션,,,80000.0,/pension/1000100762
제주 빨간풍차펜션,4.3,146.0,35100.0,/pension/1000100762
제주 해안풍경펜션,3.0,9.0,55000.0,/pension/1000100762
서귀포 옛마을펜션(2박이상 예약가능),5.0,55.0,60000.0,/pension/1000100762
제주 숲속에향기펜션,,,240000.0,/pension/1000100762
서귀포 라온제나펜션,,,150000.0,/pension/1000100762
서귀포 펜션연리,4.4,122.0,82500.0,/pension/1000100762
서귀포 베프랑펜션,,,,/pension/1000100762
서귀포 달밤펜션(렌트카 무료 이용),,,70000.0,/pension/1000100762
서귀포 호텔연,4.7,78.0,44000.0,/pension/1000100762
"서귀포 토토펜션 (쇠소깍인근,야외테라스)",4.3,71.0,120000.0,/pension/1000100762
제주 대웅리조트펜션,,,,/pension/1000100762
제주(협재) 그바다에머물다펜션,5.0,55.0,109000.0,/pension/1000100762
제주 비치선셋펜션,,,500000.0,/pension/1000100762
서귀포 라운지하우스제주다펜션,5.0,10.0,100000.0,/pension/1000100762
제주 그린하트펜션,5.0,52.0,50000.0,/pension/1000100762
제주 킹스통나무펜션,,,50000.0,/pension/1000100762
서귀포 산방산탄산온천펜션,4.4,69.0,,/pension/1000100762
제주 마농독채펜션,,,120000.0,/pension/1000100762
제주 놀멍펜션,1.0,5.0,109000.0,/pension/1000100762
서귀포 제이앤클로이펜션,4.4,121.0,129000.0,/pension/1000100762
서귀포 태연8289풀리조트,,,80000.0,/pension/1000100762
서귀포 우리바다펜션,,,,/pension/1000100762
서귀포 돈내코힐스파리조트,4.0,134.0,,/pension/1000100762
제주 하얀등대펜션,3.0,2.0,100000.0,/pension/1000100762
제주 팜스파풀빌라,,,335000.0,/pension/1000100762
서귀포 제주로다운펜션,,,100000.0,/pension/1000100762
서귀포 바다산책펜션,5.0,36.0,114000.0,/pension/1000100762
서귀포 그린팜파스펜션,,,,/pension/1000100762
서귀포 소보록요보록펜션,5.0,24.0,59000.0,/pension/1000100762
제주 아침해변펜션,4.4,26.0,59000.0,/pension/1000100762
서귀포 제주터닝포인트펜션,5.0,33.0,270000.0,/pension/1000100762
제주 뚜기네민박,,,90000.0,/pension/1000100762
제주 베스트힐펜션&글램핑,4.5,44.0,99000.0,/pension/1000100762
제주 스토리하우스펜션,,,80000.0,/pension/1000100762
제주 제주하늬바람펜션,,,60000.0,/pension/1000100762
제주 제주애설레다펜션,,,,/pension/1000100762
제주 제주애빛나다펜션,,,230000.0,/pension/1000100762
제주 제주애물들다펜션,,,,/pension/1000100762
제주 하늘타리펜션,5.0,18.0,118000.0,/pension/1000100762
서귀포 소기왓독채펜션,,,120000.0,/pension/1000100762
제주 올레엔펜션,,,,/pension/1000100762
제주 무지개하우스,4.8,20.0,63000.0,/pension/1000100762
서귀포 중문통나무펜션리조트,5.0,22.0,130000.0,/pension/1000100762
제주 계룡길벽돌가펜션,5.0,21.0,70000.0,/pension/1000100762
제주 밧돌게스트하우스,,,92400.0,/pension/1000100762
제주 구엄543펜션(바다앞독채),,,,/pension/1000100762
제주 아몬드하우스펜션,,,300000.0,/pension/1000100762
서귀포 사나비비엔다펜션,,,1000000.0,/pension/1000100762
제주 반하크라펜션,,,165000.0,/pension/1000100762
서귀포 도담도담펜션,5.0,20.0,80000.0,/pension/1000100762
제주 별을담은바람아래펜션,,,129000.0,/pension/1000100762
서귀포 아라향패밀리하우스펜션,4.0,2.0,200000.0,/pension/1000100762
서귀포 산내들펜션,,,80000.0,/pension/1000100762
제주 바닷가쉼터펜션,4.0,38.0,45000.0,/pension/1000100762
서귀포 꽃피는봄날펜션,,,100000.0,/pension/1000100762
제주 꿈펜션,,,67000.0,/pension/1000100762
제주 오션스카이빌리지펜션,,,180000.0,/pension/1000100762
서귀포 오조리비앤비펜션,,,80000.0,/pension/1000100762
제주 자주올레펜션,4.7,22.0,64710.0,/pension/1000100762
제주 샹들리에펜션,,,,/pension/1000100762
제주 곽지길가온펜션,4.8,16.0,79000.0,/pension/1000100762
서귀포 일해펜션,,,,/pension/1000100762
제주 곱닥헌펜션,,,390000.0,/pension/1000100762
서귀포 바닷가하얀집펜션,5.0,8.0,85000.0,/pension/1000100762
서귀포 라임펜션,,,65000.0,/pension/1000100762
서귀포 제주허브동산펜션,,,,/pension/1000100762
제주 부엉이집펜션,5.0,17.0,95000.0,/pension/1000100762
서귀포 늘바다통나무 펜션,4.8,18.0,125000.0,/pension/1000100762
제주 자유하는프라이빗하우스펜션,,,300000.0,/pension/1000100762
서귀포 오션브릭풀빌라,,,169000.0,/pension/1000100762
서귀포 셋째날펜션,,,90000.0,/pension/1000100762
서귀포 해비치하우스펜션,4.0,29.0,,/pension/1000100762
서귀포 풍향빌리지펜션,,,,/pension/1000100762
제주 설렘펜션,4.0,24.0,85000.0,/pension/1000100762
서귀포 라이온힐펜션,5.0,7.0,65000.0,/pension/1000100762
서귀포 뷰티풀하우스펜션,5.0,9.0,55000.0,/pension/1000100762
제주 실크로드펜션,,,58000.0,/pension/1000100762
서귀포 메리제이스파펜션,4.5,14.0,59000.0,/pension/1000100762
서귀포 빨간지붕펜션,,,60000.0,/pension/1000100762
제주 지우하우스펜션,5.0,1.0,140000.0,/pension/1000100762
서귀포 해비치바람의집펜션,,,125000.0,/pension/1000100762
서귀포 표선해비치펜션,5.0,6.0,270000.0,/pension/1000100762
제주 물고기펜션,3.0,19.0,98000.0,/pension/1000100762
서귀포 mk하우스펜션,,,,/pension/1000100762
서귀포 엄블랑펜션,5.0,9.0,70000.0,/pension/1000100762
서귀포 헤세드하우스펜션,,,49000.0,/pension/1000100762
서귀포 바람불어좋은날펜션,,,,/pension/1000100762
제주 오후여섯시펜션,5.0,8.0,75000.0,/pension/1000100762
제주 해노을펜션,,,300000.0,/pension/1000100762
제주 메이플해피하우스펜션,4.5,4.0,80000.0,/pension/1000100762
제주 섬사랑펜션,,,50000.0,/pension/1000100762
제주 이호비치펜션,,,60000.0,/pension/1000100762
제주 킴스코티지펜션,,,,/pension/1000100762
제주 까사봉봉펜션,5.0,7.0,270000.0,/pension/1000100762
"서귀포 하스빌리지펜션(담수풀장 해수욕장인근,군산오름)",4.0,12.0,,/pension/1000100762
제주 라파로마휴양펜션,,,55000.0,/pension/1000100762
서귀포 목화휴양펜션,,,70000.0,/pension/1000100762
서귀포 뜨락풍경펜션,,,99000.0,/pension/1000100762
제주 월정올리바펜션,,,300000.0,/pension/1000100762
제주 카스독채스파펜션,,,263000.0,/pension/1000100762
제주 스위스마을펜션(113동),,,55000.0,/pension/1000100762
제주 행원주택펜션,,,,/pension/1000100762
서귀포 표선휴펜션,,,220000.0,/pension/1000100762
서귀포 제니빌펜션,,,100000.0,/pension/1000100762
제주 동문별장,,,400000.0,/pension/1000100762
제주 레이크 펜션,,,500000.0,/pension/1000100762
제주 에코그린리조트,,,,/pension/1000100762
제주 스카이라인휴양펜션,,,280000.0,/pension/1000100762
제주 녹고뫼휴양 펜션,,,100000.0,/pension/1000100762
서귀포 아토스테이 펜션,,,,/pension/1000100762
서귀포 소흔하우스펜션,,,75000.0,/pension/1000100762
제주 금산펜션,,,150000.0,/pension/1000100762
서귀포 지중해독채풀빌라펜션,5.0,1.0,,/pension/1000100762
제주 허브인휴양펜션,2.0,56.0,50000.0,/pension/1000100762
제주 낭빌레하우스펜션(2박이상예약가),,,60000.0,/pension/1000100762
제주 숲골펜션,5.0,1.0,180000.0,/pension/1000100762
제주 오색귤체험펜션,,,,/pension/1000100762
제주 바당정원펜션,5.0,4.0,120000.0,/pension/1000100762
서귀포 농장&펜션설문대하우스,5.0,4.0,,/pension/1000100762
서귀포 남극노인성휴양펜션,,,150000.0,/pension/1000100762
서귀포 제주머물다펜션,,,240000.0,/pension/1000100762
서귀포 편백휴낭펜션,,,200000.0,/pension/1000100762
제주 소고배펜션,,,39000.0,/pension/1000100762
서귀포 다붓펜션,,,100000.0,/pension/1000100762
제주 올리브스파앤풀빌라,,,,/pension/1000100762
서귀포 메종드오조락펜션,,,80000.0,/pension/1000100762
서귀포 상추네펜션(애견동반),,,120000.0,/pension/1000100762
제주 비자림의아침펜션,,,,/pension/1000100762
제주 스타하우스펜션,2.0,35.0,35100.0,/pension/1000100762
제주 노노레타펜션,,,65000.0,/pension/1000100762
제주 포에마펜션,,,90250.0,/pension/1000100762
제주 그래펜션,,,69000.0,/pension/1000100762
서귀포 소통펜션,,,70000.0,/pension/1000100762
서귀포 모드니에펜션,,,120000.0,/pension/1000100762
서귀포 자유도시펜션,,,,/pension/1000100762
서귀포 서귀포푸른바다펜션,,,,/pension/1000100762
제주 씨더비양펜션,,,80000.0,/pension/1000100762
서귀포 패밀리아펜션,,,70000.0,/pension/1000100762
제주 김녕몽생이펜션,4.5,2.0,188000.0,/pension/1000100762
서귀포 라꼼마펜션,,,50000.0,/pension/1000100762
서귀포 아리아펜션,,,,/pension/1000100762
서귀포 귤하우스펜션,,,55300.0,/pension/1000100762
서귀포 오크라리조트,,,80000.0,/pension/1000100762
서귀포 해바라기펜션,,,89000.0,/pension/1000100762
제주 369펜션(독채펜션),,,200000.0,/pension/1000100762
서귀포 제주랜드펜션,,,45000.0,/pension/1000100762
서귀포 성산골든빌리지펜션,,,400000.0,/pension/1000100762
서귀포 행복펜션,,,100000.0,/pension/1000100762
제주 제주필하우스펜션,,,60000.0,/pension/1000100762
제주 달다하우스펜션,,,120000.0,/pension/1000100762
제주 마빌릭스파앤풀빌라,,,,/pension/1000100762
제주 올레낭펜션,,,200000.0,/pension/1000100762
서귀포 솔바람파도소리펜션,,,80000.0,/pension/1000100762
서귀포 호도하우스펜션,,,67000.0,/pension/1000100762
제주 별빛사랑펜션(18년신축),,,,/pension/1000100762
서귀포 드림인제주펜션,,,220000.0,/pension/1000100762
서귀포 데이스테이하우스펜션,3.0,2.0,180000.0,/pension/1000100762
제주 조아모루펜션,3.0,3.0,50000.0,/pension/1000100762
제주 지미안펜션,,,73000.0,/pension/1000100762
서귀포 제주빌레성통나무휴양펜션,,,100000.0,/pension/1000100762
제주 프랜펜션,,,380000.0,/pension/1000100762
서귀포 샤인빌펜션,,,50000.0,/pension/1000100762
제주 리버풀펜션,,,53200.0,/pension/1000100762
제주 로뎀펜션,,,,/pension/1000100762
제주 삼다애펜션,,,250000.0,/pension/1000100762
제주 비자곶(비자림점)펜션,,,160000.0,/pension/1000100762
서귀포 유채꽃길에머문시간펜션,,,,/pension/1000100762
서귀포 쇠소깍성게돌펜션,,,59000.0,/pension/1000100762
제주 비자림미담펜션,,,80000.0,/pension/1000100762
제주 힐호텔,,,50000.0,/pension/1000100762
서귀포 소울펜션,,,67000.0,/pension/1000100762
제주 아꼬아펜션,,,120000.0,/pension/1000100762
제주 바다펜션,,,70000.0,/pension/1000100762
서귀포 제주에우리집펜션,,,150000.0,/pension/1000100762
서귀포 스테이빌펜션,,,,/pension/1000100762
서귀포 블루스카이펜션,,,60000.0,/pension/1000100762
서귀포 펜션정원,,,49000.0,/pension/1000100762
서귀포 비울채울펜션,,,75000.0,/pension/1000100762
서귀포 그림그리는펜션,,,50000.0,/pension/1000100762
제주 마레카펜션(우리들의 블루스 촬영지),,,140000.0,/pension/1000100762
서귀포 호텔창고펜션,,,230000.0,/pension/1000100762
제주 꽃머채펜션,,,,/pension/1000100762
서귀포 중문예촌펜션,,,,/pension/1000100762
서귀포 이어도성펜션,,,180000.0,/pension/1000100762
서귀포 바다위올레펜션,,,64000.0,/pension/1000100762
서귀포 금옥통나무펜션(독채),,,144000.0,/pension/1000100762
서귀포 에코리조트,,,250000.0,/pension/1000100762
"제주 제주도유펜션(6박이상,단박불가)",,,50000.0,/pension/1000100762
서귀포 고래수펜션,,,,/pension/1000100762
서귀포 해피하우스펜션,,,,/pension/1000100762
서귀포 더코지인제주펜션,,,82350.0,/pension/1000100762
제주 아뜨네통나무펜션,,,80000.0,/pension/1000100762
서귀포 동상일몽펜션,,,120000.0,/pension/1000100762
서귀포 팜힐펜션,,,,/pension/1000100762
제주 단체올레하우스펜션,,,200000.0,/pension/1000100762
서귀포 헬로1204펜션,,,160000.0,/pension/1000100762
제주 제주소랑앤팜스빌리지펜션,,,,/pension/1000100762
제주 다섯손가락펜션,,,90000.0,/pension/1000100762
서귀포 해변의집영빈펜션(단독판매),,,100000.0,/pension/1000100762
서귀포 행운클로버펜션,,,130000.0,/pension/1000100762
서귀포 성산아일랜드펜션,,,,/pension/1000100762
